instfname;seed;n;n_;p_;time_to_enumerate_plates;time_to_solver_build;time_to_build_model;time_to_solve_model;num_vars;num_constrs;num_plates;num_picuts;num_cuts_made;obj_value;obj_bound;stop_code
"./instances/gcut2";10;20;20;3.787878787878788;0.0029180049896240234;0.02587580680847168;0.07068300247192383;0.326757365;6168;9522;1350;4184;1984;59307.0;59307.0;1
"./instances/gcut3";10;30;30;3.9682539682539684;0.0173189640045166;0.11046004295349121;0.14980316162109375;0.83029925;15884;22736;2542;11604;4280;60241.0;60241.0;1
"./instances/gcut4";10;50;50;4.032258064516129;0.013907909393310547;0.37918901443481445;0.41788196563720703;6.639076667;61004;84358;6187;43887;17117;60942.0;60942.0;1
"./instances/gcut5";10;10;10;3.787878787878788;0.0014240741729736328;0.01300811767578125;0.038839101791381836;0.194889642;1037;1840;364;608;429;195582.0;195582.0;1
"./instances/gcut6";10;20;20;3.787878787878788;0.00152587890625;0.009799957275390625;0.01582193374633789;0.077196934;2154;3367;596;1557;597;236305.0;236305.0;1
"./instances/gcut7";10;30;30;3.875968992248062;0.0026259422302246094;0.03357100486755371;0.04060721397399902;0.296866505;7635;10612;1467;6155;1480;238974.0;238974.0;1
"./instances/gcut8";10;50;50;3.937007874015748;0.014240026473999023;0.3516571521759033;0.3695211410522461;4.779866969;79697;107811;9097;60730;18967;245758.0;245758.0;1
"./instances/gcut9";10;10;10;3.4246575342465753;0.002705812454223633;0.009105920791625977;0.0337519645690918;0.113795147;1804;2748;445;1315;489;919476.0;919476.0;1
"./instances/gcut10";10;20;20;3.8461538461538463;0.03786897659301758;0.011195182800292969;0.05370593070983887;0.111811039;2303;3365;554;1815;488;903435.0;903435.0;1
"./instances/gcut11";10;30;30;3.7593984962406015;0.007946968078613281;0.22583603858947754;0.23853206634521484;2.008093067;26880;37528;4244;20506;6374;955389.0;955389.0;1
"./instances/gcut12";10;50;50;3.937007874015748;0.02537703514099121;0.2613201141357422;0.3117249011993408;3.748167857;61065;79714;8146;50612;10453;970744.0;970744.0;1
"./instances/STS4";10;20;50;7.071428571428571;0.012362003326416016;0.23297810554504395;0.2700080871582031;25.616109561;50872;105784;4020;4452;46420;9700.0;9700.0;1
"./instances/STS4s";10;20;50;7.071428571428571;0.014667987823486328;0.4168860912322998;0.4566209316253662;26.842741542;50872;105784;4020;4452;46420;9770.0;9770.0;1
"./instances/A5";10;20;45;10.153846153846153;0.014271974563598633;0.2766139507293701;0.31383800506591797;39.8483864;57571;120618;5456;4570;53001;12985.0;12985.0;1
"./instances/Hchl2";10;35;75;7.222222222222222;0.032685041427612305;0.9273397922515869;0.9827210903167725;191.655119367;152577;312870;7681;12895;139682;9954.0;9954.0;1
"./instances/Hchl3s";10;10;51;8.466666666666667;0.01805901527404785;0.41815996170043945;0.460529088973999;469.724741935;82057;169836;5712;2080;79977;12215.0;12215.0;1
"./instances/Hchl4s";10;10;32;8.466666666666667;0.019151926040649414;0.6119859218597412;0.6546719074249268;3600.017563309;82057;169836;5712;2080;79977;11976.0;12257.0;12
"./instances/Hchl6s";10;22;60;7.228571428571429;0.06644701957702637;1.5227208137512207;1.612442970275879;675.521495336;245359;509110;18370;36175;209184;61040.0;61040.0;1
"./instances/Hchl7s";10;40;90;7.96969696969697;0.14109587669372559;3.9725799560546875;4.13954496383667;2652.905398854;649777;1324833;25239;61461;588316;63112.0;63112.0;1
"./instances/CW1";10;25;67;5.0;0.008393049240112305;0.14899301528930664;0.18268609046936035;8.330911782;26791;56957;3350;10603;16188;6402.0;6402.0;1
"./instances/CW2";10;35;63;4.852941176470588;0.009612083435058594;0.1909170150756836;0.2253401279449463;9.540926153;33419;71018;4145;19610;13809;5354.0;5354.0;1
"./instances/CW3";10;40;96;4.6;0.01976299285888672;0.48720407485961914;0.5292360782623291;34.898794882;84196;177145;8713;53818;30378;5689.0;5689.0;1
"./instances/CHL1";10;30;63;10.153846153846153;0.03041386604309082;0.8304059505462646;0.8859460353851318;137.520657123;110109;226804;6556;7222;102887;8699.0;8699.0;1
"./instances/CHL1s";10;30;63;10.153846153846153;0.027467012405395508;0.5665130615234375;0.619020938873291;68.292196112;110109;226804;6556;7222;102887;13099.0;13099.0;1
"./instances/CHL6";10;30;65;10.833333333333334;0.03735017776489258;1.00193190574646;1.0634188652038574;115.37951624;160707;329631;8187;9767;150940;16869.0;16869.0;1
"./instances/CHL7";10;35;75;7.222222222222222;0.03517603874206543;0.9824888706207275;1.0409300327301025;122.048663671;154883;317482;7681;12895;141988;16881.0;16881.0;1
"./instances/CU1";10;25;82;5.0;0.005611896514892578;0.07463884353637695;0.10351109504699707;1.317443037;13966;30036;2079;7549;6417;12330.0;12330.0;1
"./instances/CU2";10;35;90;5.0;0.019490957260131836;0.1942310333251953;0.23695111274719238;4.001024944;38391;81280;4463;24104;14287;26100.0;26100.0;1
"./instances/okp1";10;15;50;100.0;0.026871919631958008;0.8243410587310791;0.874953031539917;69.541120345;125307;258527;7898;2161;123146;27589.0;27589.0;1
"./instances/okp2";10;30;30;100.0;0.027872085571289062;0.6243491172790527;0.6730079650878906;3600.037469458;124250;256982;8606;154;124096;22502.0;24041.0;12
"./instances/okp3";10;30;30;33.333333333333336;0.015604019165039062;0.35977602005004883;0.39896392822265625;3600.010823785;53248;110445;5915;1996;51252;24019.0;25399.0;12
"./instances/okp4";10;33;61;100.0;0.032572031021118164;0.9242441654205322;0.981198787689209;82.219214211;147989;304745;8734;961;147028;32893.0;32893.0;1
"./instances/okp5";10;29;97;100.0;0.04767584800720215;1.208578109741211;1.280622959136963;143.08376733;197330;403295;8606;148;197182;27923.0;27923.0;1
"./instances/P1_100_200_25_1";10;25;127;16.666666666666668;0.08503007888793945;2.602015972137451;2.7102091312408447;1308.181255058;438176;889473;13096;3888;434288;27251.0;27251.0;1
"./instances/P1_100_200_25_2";10;25;124;20.0;0.12489199638366699;3.4486958980560303;3.5985870361328125;3600.140453587;593310;1201561;14916;2587;590723;24962.0;25536.0;12
"./instances/P1_100_200_25_3";10;25;120;16.666666666666668;0.1308131217956543;3.5684468746185303;3.7238361835479736;3600.931559811;596052;1206599;14470;2286;593766;25730.000189052567;26029.0;12
"./instances/P1_100_200_25_4";10;25;150;16.666666666666668;0.10784101486206055;3.16587495803833;3.300018072128296;3600.182873872;509132;1032345;14056;3098;506034;26730.0;27076.0;12
"./instances/P1_100_200_25_5";10;25;98;20.0;0.11795306205749512;3.636302947998047;3.7775278091430664;3600.15697281;595227;1204978;14499;2249;592978;25447.0;26665.0;12
"./instances/gcut2";1;20;20;3.787878787878788;0.0030040740966796875;0.02582383155822754;0.07103896141052246;0.321364614;6168;9522;1350;4184;1984;59307.0;59307.0;1
"./instances/gcut3";1;30;30;3.9682539682539684;0.018218994140625;0.11053895950317383;0.15047097206115723;0.843959305;15884;22736;2542;11604;4280;60241.0;60241.0;1
"./instances/gcut4";1;50;50;4.032258064516129;0.01421499252319336;0.3806169033050537;0.41727399826049805;6.451073946;61004;84358;6187;43887;17117;60942.0;60942.0;1
"./instances/gcut5";1;10;10;3.787878787878788;0.0013129711151123047;0.011701107025146484;0.03602099418640137;0.221971982;1037;1840;364;608;429;195582.0;195582.0;1
"./instances/gcut6";1;20;20;3.787878787878788;0.0015671253204345703;0.00964212417602539;0.015684127807617188;0.076268473;2154;3367;596;1557;597;236305.0;236305.0;1
"./instances/gcut7";1;30;30;3.875968992248062;0.0028839111328125;0.0336909294128418;0.04090094566345215;0.294872785;7635;10612;1467;6155;1480;238974.0;238974.0;1
"./instances/gcut8";1;50;50;3.937007874015748;0.014358997344970703;0.35645079612731934;0.374392032623291;4.99675676;79697;107811;9097;60730;18967;245758.0;245758.0;1
"./instances/gcut9";1;10;10;3.4246575342465753;0.0026421546936035156;0.010303974151611328;0.036683082580566406;0.111015142;1804;2748;445;1315;489;919476.0;919476.0;1
"./instances/gcut10";1;20;20;3.8461538461538463;0.038366079330444336;0.011154890060424805;0.05389595031738281;0.119951922;2303;3365;554;1815;488;903435.0;903435.0;1
"./instances/gcut11";1;30;30;3.7593984962406015;0.0075740814208984375;0.22724199295043945;0.239454984664917;1.93529196;26880;37528;4244;20506;6374;955389.0;955389.0;1
"./instances/gcut12";1;50;50;3.937007874015748;0.02328801155090332;0.26128196716308594;0.308459997177124;3.673985866;61065;79714;8146;50612;10453;970744.0;970744.0;1
"./instances/STS4";1;20;50;7.071428571428571;0.012288093566894531;0.23679685592651367;0.27101683616638184;26.324975384;50872;105784;4020;4452;46420;9700.0;9700.0;1
"./instances/STS4s";1;20;50;7.071428571428571;0.013173103332519531;0.42345404624938965;0.45958614349365234;24.863747881;50872;105784;4020;4452;46420;9770.0;9770.0;1
"./instances/A5";1;20;45;10.153846153846153;0.012602090835571289;0.2816650867462158;0.31681013107299805;42.931698712;57571;120618;5456;4570;53001;12985.0;12985.0;1
"./instances/Hchl2";1;35;75;7.222222222222222;0.030731916427612305;0.9449779987335205;0.9992420673370361;197.381238713;152577;312870;7681;12895;139682;9954.0;9954.0;1
"./instances/Hchl3s";1;10;51;8.466666666666667;0.017305850982666016;0.42575502395629883;0.4656088352203369;327.003995366;82057;169836;5712;2080;79977;12215.0;12215.0;1
"./instances/Hchl4s";1;10;32;8.466666666666667;0.018299102783203125;0.6198999881744385;0.6624128818511963;3600.016851297;82057;169836;5712;2080;79977;12002.0;12261.0;12
"./instances/Hchl6s";1;22;60;7.228571428571429;0.05636906623840332;1.5274019241333008;1.6089441776275635;610.081038033;245359;509110;18370;36175;209184;61040.0;61040.0;1
"./instances/Hchl7s";1;40;90;7.96969696969697;0.14086699485778809;4.0610151290893555;4.22475004196167;2851.703211046;649777;1324833;25239;61461;588316;63112.0;63112.0;1
"./instances/CW1";1;25;67;5.0;0.00831913948059082;0.15016412734985352;0.18165302276611328;8.255288253;26791;56957;3350;10603;16188;6402.0;6402.0;1
"./instances/CW2";1;35;63;4.852941176470588;0.009542226791381836;0.19397711753845215;0.228654146194458;10.233145865;33419;71018;4145;19610;13809;5354.0;5354.0;1
"./instances/CW3";1;40;96;4.6;0.019845008850097656;0.469714879989624;0.5113677978515625;35.513999777;84196;177145;8713;53818;30378;5689.0;5689.0;1
"./instances/CHL1";1;30;63;10.153846153846153;0.033061981201171875;0.856334924697876;0.9122600555419922;153.342120248;110109;226804;6556;7222;102887;8699.0;8699.0;1
"./instances/CHL1s";1;30;63;10.153846153846153;0.028602123260498047;0.5718801021575928;0.6258559226989746;69.647973162;110109;226804;6556;7222;102887;13099.0;13099.0;1
"./instances/CHL6";1;30;65;10.833333333333334;0.0369410514831543;1.0322299003601074;1.0940918922424316;112.067015225;160707;329631;8187;9767;150940;16869.0;16869.0;1
"./instances/CHL7";1;35;75;7.222222222222222;0.03466510772705078;0.9877221584320068;1.046483039855957;117.854510545;154883;317482;7681;12895;141988;16881.0;16881.0;1
"./instances/CU1";1;25;82;5.0;0.006273984909057617;0.07855987548828125;0.10854315757751465;1.317767468;13966;30036;2079;7549;6417;12330.0;12330.0;1
"./instances/CU2";1;35;90;5.0;0.02092885971069336;0.20104503631591797;0.24508404731750488;3.91978517;38391;81280;4463;24104;14287;26100.0;26100.0;1
"./instances/okp1";1;15;50;100.0;0.026919841766357422;0.8380768299102783;0.8869609832763672;66.517197912;125307;258527;7898;2161;123146;27589.0;27589.0;1
"./instances/okp2";1;30;30;100.0;0.032006025314331055;0.6460080146789551;0.7022829055786133;3600.022887947;124250;256982;8606;154;124096;22215.0;24122.0;12
"./instances/okp3";1;30;30;33.333333333333336;0.015498161315917969;0.37444615364074707;0.41323208808898926;3600.011696352;53248;110445;5915;1996;51252;24019.0;25095.0;12
"./instances/okp4";1;33;61;100.0;0.03136777877807617;0.942173957824707;0.9999749660491943;77.184363884;147989;304745;8734;961;147028;32893.0;32893.0;1
"./instances/okp5";1;29;97;100.0;0.04030585289001465;1.2344858646392822;1.2978861331939697;134.815331639;197330;403295;8606;148;197182;27923.0;27923.0;1
"./instances/P1_100_200_25_1";1;25;127;16.666666666666668;0.08709502220153809;2.6540558338165283;2.764213800430298;1182.816787232;438176;889473;13096;3888;434288;27251.00002327309;27251.00002327309;1
"./instances/P1_100_200_25_2";1;25;124;20.0;0.12593603134155273;3.525650978088379;3.674412965774536;3600.159370545;593310;1201561;14916;2587;590723;25057.0;25543.0;12
"./instances/P1_100_200_25_3";1;25;120;16.666666666666668;0.13207697868347168;3.711289167404175;3.867788076400757;3600.138635122;596052;1206599;14470;2286;593766;25730.0;26034.0;12
"./instances/P1_100_200_25_4";1;25;150;16.666666666666668;0.1007997989654541;3.2436459064483643;3.367678165435791;3092.670407345;509132;1032345;14056;3098;506034;26896.0;26896.0;1
"./instances/P1_100_200_25_5";1;25;98;20.0;0.12245678901672363;3.7102200984954834;3.8561670780181885;3600.161956433;595227;1204978;14499;2249;592978;25822.0;26676.0;12
"./instances/gcut2";2;20;20;3.787878787878788;0.0030591487884521484;0.02596306800842285;0.06917190551757812;0.327980434;6168;9522;1350;4184;1984;59307.0;59307.0;1
"./instances/gcut3";2;30;30;3.9682539682539684;0.016162872314453125;0.11545300483703613;0.15686392784118652;0.827286825;15884;22736;2542;11604;4280;60241.0;60241.0;1
"./instances/gcut4";2;50;50;4.032258064516129;0.01566004753112793;0.38128209114074707;0.42159605026245117;6.581065319;61004;84358;6187;43887;17117;60942.0;60942.0;1
"./instances/gcut5";2;10;10;3.787878787878788;0.0022940635681152344;0.02338409423828125;0.04873394966125488;0.195960339;1037;1840;364;608;429;195582.0;195582.0;1
"./instances/gcut6";2;20;20;3.787878787878788;0.0017230510711669922;0.010518074035644531;0.017034053802490234;0.076811043;2154;3367;596;1557;597;236305.0;236305.0;1
"./instances/gcut7";2;30;30;3.875968992248062;0.0032129287719726562;0.036715030670166016;0.044319868087768555;0.295190611;7635;10612;1467;6155;1480;238974.0;238974.0;1
"./instances/gcut8";2;50;50;3.937007874015748;0.01466679573059082;0.3687760829925537;0.38704705238342285;4.630770101;79697;107811;9097;60730;18967;245758.0;245758.0;1
"./instances/gcut9";2;10;10;3.4246575342465753;0.005029916763305664;0.010196924209594727;0.03648996353149414;0.113983167;1804;2748;445;1315;489;919476.0;919476.0;1
"./instances/gcut10";2;20;20;3.8461538461538463;0.06586003303527832;0.011213064193725586;0.08162117004394531;0.111192722;2303;3365;554;1815;488;903435.0;903435.0;1
"./instances/gcut11";2;30;30;3.7593984962406015;0.009541034698486328;0.23030591011047363;0.24424195289611816;1.993579764;26880;37528;4244;20506;6374;955389.0;955389.0;1
"./instances/gcut12";2;50;50;3.937007874015748;0.025166034698486328;0.2605860233306885;0.3112609386444092;3.658938916;61065;79714;8146;50612;10453;970744.0;970744.0;1
"./instances/STS4";2;20;50;7.071428571428571;0.011555910110473633;0.25098586082458496;0.287078857421875;26.345961139;50872;105784;4020;4452;46420;9700.0;9700.0;1
"./instances/STS4s";2;20;50;7.071428571428571;0.012690067291259766;0.44782590866088867;0.4855060577392578;27.566731605;50872;105784;4020;4452;46420;9770.0;9770.0;1
"./instances/A5";2;20;45;10.153846153846153;0.016403913497924805;0.2961859703063965;0.3374049663543701;41.700845278;57571;120618;5456;4570;53001;12985.0;12985.0;1
"./instances/Hchl2";2;35;75;7.222222222222222;0.033663034439086914;0.9726088047027588;1.0285379886627197;188.278784872;152577;312870;7681;12895;139682;9954.0;9954.0;1
"./instances/Hchl3s";2;10;51;8.466666666666667;0.016683101654052734;0.43213605880737305;0.47464513778686523;381.435417087;82057;169836;5712;2080;79977;12215.0;12215.0;1
"./instances/Hchl4s";2;10;32;8.466666666666667;0.01911616325378418;0.6290068626403809;0.672137975692749;3600.018662919;82057;169836;5712;2080;79977;11911.0;12260.0;12
"./instances/Hchl6s";2;22;60;7.228571428571429;0.056617021560668945;1.5492830276489258;1.6308479309082031;710.847438841;245359;509110;18370;36175;209184;61040.0;61040.0;1
"./instances/Hchl7s";2;40;90;7.96969696969697;0.13820910453796387;4.057920932769775;4.2202348709106445;3317.600205383;649777;1324833;25239;61461;588316;63112.0;63112.0;1
"./instances/CW1";2;25;67;5.0;0.00832819938659668;0.15116405487060547;0.18458914756774902;8.30841286;26791;56957;3350;10603;16188;6402.0;6402.0;1
"./instances/CW2";2;35;63;4.852941176470588;0.008888959884643555;0.19718003273010254;0.23093199729919434;10.219783201;33419;71018;4145;19610;13809;5354.0;5354.0;1
"./instances/CW3";2;40;96;4.6;0.019762039184570312;0.4739830493927002;0.5176138877868652;36.754118792;84196;177145;8713;53818;30378;5689.0;5689.0;1
"./instances/CHL1";2;30;63;10.153846153846153;0.0326380729675293;0.8470461368560791;0.901757001876831;155.827550643;110109;226804;6556;7222;102887;8699.0;8699.0;1
"./instances/CHL1s";2;30;63;10.153846153846153;0.02967095375061035;0.5869290828704834;0.641448974609375;66.08224952;110109;226804;6556;7222;102887;13099.0;13099.0;1
"./instances/CHL6";2;30;65;10.833333333333334;0.03655600547790527;1.042646884918213;1.10371994972229;118.386475484;160707;329631;8187;9767;150940;16869.0;16869.0;1
"./instances/CHL7";2;35;75;7.222222222222222;0.034681081771850586;0.988785982131958;1.045516014099121;123.888401158;154883;317482;7681;12895;141988;16881.0;16881.0;1
"./instances/CU1";2;25;82;5.0;0.004589080810546875;0.07845497131347656;0.10770988464355469;1.304199117;13966;30036;2079;7549;6417;12330.0;12330.0;1
"./instances/CU2";2;35;90;5.0;0.020301103591918945;0.20074200630187988;0.24270892143249512;4.057180678;38391;81280;4463;24104;14287;26100.0;26100.0;1
"./instances/okp1";2;15;50;100.0;0.02658700942993164;0.8334650993347168;0.8851318359375;67.26702068;125307;258527;7898;2161;123146;27589.0;27589.0;1
"./instances/okp2";2;30;30;100.0;0.02989792823791504;0.6532700061798096;0.7091798782348633;3600.024688976;124250;256982;8606;154;124096;22187.0;24099.0;12
"./instances/okp3";2;30;30;33.333333333333336;0.015906095504760742;0.37562990188598633;0.417726993560791;3600.011636111;53248;110445;5915;1996;51252;24019.0;25197.0;12
"./instances/okp4";2;33;61;100.0;0.031744956970214844;0.9686071872711182;1.025979995727539;77.238098785;147989;304745;8734;961;147028;32893.0;32893.0;1
"./instances/okp5";2;29;97;100.0;0.03792715072631836;1.2263150215148926;1.2887251377105713;131.550948747;197330;403295;8606;148;197182;27923.0;27923.0;1
"./instances/P1_100_200_25_1";2;25;127;16.666666666666668;0.08805108070373535;2.6802241802215576;2.793041944503784;1318.152080574;438176;889473;13096;3888;434288;27251.00004240205;27251.00004240205;1
"./instances/P1_100_200_25_2";2;25;124;20.0;0.12462806701660156;3.544326066970825;3.6914479732513428;3600.142681821;593310;1201561;14916;2587;590723;25089.0;25541.0;12
"./instances/P1_100_200_25_3";2;25;120;16.666666666666668;0.1309220790863037;3.7354278564453125;3.8904480934143066;3600.142794101;596052;1206599;14470;2286;593766;25730.0;26028.0;12
"./instances/P1_100_200_25_4";2;25;150;16.666666666666668;0.10608601570129395;3.279900074005127;3.411505937576294;3600.176250994;509132;1032345;14056;3098;506034;26896.0;27061.0;12
"./instances/P1_100_200_25_5";2;25;98;20.0;0.11540889739990234;3.741140842437744;3.878837823867798;3600.147150518;595227;1204978;14499;2249;592978;25820.0;26658.0;12
"./instances/gcut2";3;20;20;3.787878787878788;0.0032281875610351562;0.026404857635498047;0.06922197341918945;0.330200861;6168;9522;1350;4184;1984;59307.0;59307.0;1
"./instances/gcut3";3;30;30;3.9682539682539684;0.016865968704223633;0.11048579216003418;0.15253114700317383;0.825767853;15884;22736;2542;11604;4280;60241.0;60241.0;1
"./instances/gcut4";3;50;50;4.032258064516129;0.015559911727905273;0.38766002655029297;0.42482614517211914;6.595344089;61004;84358;6187;43887;17117;60942.0;60942.0;1
"./instances/gcut5";3;10;10;3.787878787878788;0.0020189285278320312;0.022387027740478516;0.049575090408325195;0.197001241;1037;1840;364;608;429;195582.0;195582.0;1
"./instances/gcut6";3;20;20;3.787878787878788;0.001992940902709961;0.011106014251708984;0.018156051635742188;0.077049325;2154;3367;596;1557;597;236305.0;236305.0;1
"./instances/gcut7";3;30;30;3.875968992248062;0.0032138824462890625;0.03742194175720215;0.04508709907531738;0.299535056;7635;10612;1467;6155;1480;238974.0;238974.0;1
"./instances/gcut8";3;50;50;3.937007874015748;0.014893054962158203;0.3733811378479004;0.391981840133667;4.852348837;79697;107811;9097;60730;18967;245758.0;245758.0;1
"./instances/gcut9";3;10;10;3.4246575342465753;0.002894163131713867;0.00903010368347168;0.03455781936645508;0.110179806;1804;2748;445;1315;489;919476.0;919476.0;1
"./instances/gcut10";3;20;20;3.8461538461538463;0.06670904159545898;0.011255979537963867;0.08248281478881836;0.115667186;2303;3365;554;1815;488;903435.0;903435.0;1
"./instances/gcut11";3;30;30;3.7593984962406015;0.00748896598815918;0.22881317138671875;0.24115419387817383;1.992853483;26880;37528;4244;20506;6374;955389.0;955389.0;1
"./instances/gcut12";3;50;50;3.937007874015748;0.022781848907470703;0.26848888397216797;0.3166999816894531;3.705694049;61065;79714;8146;50612;10453;970744.0;970744.0;1
"./instances/STS4";3;20;50;7.071428571428571;0.009777069091796875;0.24255084991455078;0.27737998962402344;26.533063867;50872;105784;4020;4452;46420;9700.0;9700.0;1
"./instances/STS4s";3;20;50;7.071428571428571;0.010688066482543945;0.403170108795166;0.43680691719055176;24.920775519;50872;105784;4020;4452;46420;9770.0;9770.0;1
"./instances/A5";3;20;45;10.153846153846153;0.014187097549438477;0.29468798637390137;0.3336598873138428;41.841637305;57571;120618;5456;4570;53001;12985.0;12985.0;1
"./instances/Hchl2";3;35;75;7.222222222222222;0.03614497184753418;0.9597690105438232;1.0187108516693115;195.861655935;152577;312870;7681;12895;139682;9954.0;9954.0;1
"./instances/Hchl3s";3;10;51;8.466666666666667;0.01875615119934082;0.43320679664611816;0.47515392303466797;372.528959228;82057;169836;5712;2080;79977;12215.0;12215.0;1
"./instances/Hchl4s";3;10;32;8.466666666666667;0.0178220272064209;0.6243650913238525;0.6644108295440674;3600.018631055;82057;169836;5712;2080;79977;12006.0;12243.0;12
"./instances/Hchl6s";3;22;60;7.228571428571429;0.05655097961425781;1.5261340141296387;1.6063809394836426;692.019439986;245359;509110;18370;36175;209184;61040.0;61040.0;1
"./instances/Hchl7s";3;40;90;7.96969696969697;0.13700103759765625;4.077837944030762;4.239667892456055;2945.242947899;649777;1324833;25239;61461;588316;63112.0;63112.0;1
"./instances/CW1";3;25;67;5.0;0.008823156356811523;0.15296196937561035;0.18638396263122559;8.388420494;26791;56957;3350;10603;16188;6402.0;6402.0;1
"./instances/CW2";3;35;63;4.852941176470588;0.00879216194152832;0.1952369213104248;0.2266860008239746;11.468891899;33419;71018;4145;19610;13809;5354.0;5354.0;1
"./instances/CW3";3;40;96;4.6;0.017804861068725586;0.47250890731811523;0.5127949714660645;34.703683567;84196;177145;8713;53818;30378;5689.0;5689.0;1
"./instances/CHL1";3;30;63;10.153846153846153;0.03270101547241211;0.8436779975891113;0.9019029140472412;183.812700618;110109;226804;6556;7222;102887;8699.0;8699.0;1
"./instances/CHL1s";3;30;63;10.153846153846153;0.028517961502075195;0.5856609344482422;0.6399679183959961;70.531331149;110109;226804;6556;7222;102887;13099.0;13099.0;1
"./instances/CHL6";3;30;65;10.833333333333334;0.03730583190917969;1.0311589241027832;1.0947189331054688;113.941878198;160707;329631;8187;9767;150940;16869.0;16869.0;1
"./instances/CHL7";3;35;75;7.222222222222222;0.03380894660949707;1.0006709098815918;1.0569031238555908;118.695300151;154883;317482;7681;12895;141988;16881.0;16881.0;1
"./instances/CU1";3;25;82;5.0;0.006165027618408203;0.0787210464477539;0.10981512069702148;1.381614669;13966;30036;2079;7549;6417;12330.0;12330.0;1
"./instances/CU2";3;35;90;5.0;0.026716947555541992;0.20716285705566406;0.2562530040740967;4.115049382;38391;81280;4463;24104;14287;26100.0;26100.0;1
"./instances/okp1";3;15;50;100.0;0.02653813362121582;0.8358879089355469;0.8847589492797852;66.163714425;125307;258527;7898;2161;123146;27589.0;27589.0;1
"./instances/okp2";3;30;30;100.0;0.03017711639404297;0.6566410064697266;0.7100138664245605;3600.028411365;124250;256982;8606;154;124096;22502.0;24074.0;12
"./instances/okp3";3;30;30;33.333333333333336;0.01655101776123047;0.37580180168151855;0.4180910587310791;3600.01117475;53248;110445;5915;1996;51252;24019.0;25099.0;12
"./instances/okp4";3;33;61;100.0;0.03384208679199219;0.9548640251159668;1.0117011070251465;76.389878352;147989;304745;8734;961;147028;32893.0;32893.0;1
"./instances/okp5";3;29;97;100.0;0.03964090347290039;1.2331898212432861;1.2949190139770508;144.048134979;197330;403295;8606;148;197182;27923.0;27923.0;1
"./instances/P1_100_200_25_1";3;25;127;16.666666666666668;0.08525896072387695;2.659775972366333;2.7697360515594482;1229.157955768;438176;889473;13096;3888;434288;27251.0;27251.0;1
"./instances/P1_100_200_25_2";3;25;124;20.0;0.12372899055480957;3.5114269256591797;3.6616621017456055;3604.695947753;593310;1201561;14916;2587;590723;24962.0;25529.0;12
"./instances/P1_100_200_25_3";3;25;120;16.666666666666668;0.13179993629455566;3.7159712314605713;3.873018980026245;3600.140613914;596052;1206599;14470;2286;593766;25730.00011040995;26029.0;12
"./instances/P1_100_200_25_4";3;25;150;16.666666666666668;0.10526299476623535;3.2437360286712646;3.376535177230835;3567.740365408;509132;1032345;14056;3098;506034;26896.0;26896.0;1
"./instances/P1_100_200_25_5";3;25;98;20.0;0.12281107902526855;3.6555490493774414;3.800557851791382;3600.158247694;595227;1204978;14499;2249;592978;25711.0;26657.0;12
"./instances/gcut2";4;20;20;3.787878787878788;0.0029850006103515625;0.026276111602783203;0.06842803955078125;0.320333653;6168;9522;1350;4184;1984;59307.0;59307.0;1
"./instances/gcut3";4;30;30;3.9682539682539684;0.0161590576171875;0.11063194274902344;0.15221691131591797;0.819891331;15884;22736;2542;11604;4280;60241.0;60241.0;1
"./instances/gcut4";4;50;50;4.032258064516129;0.010986089706420898;0.3875880241394043;0.40230607986450195;6.336711391;61004;84358;6187;43887;17117;60942.0;60942.0;1
"./instances/gcut5";4;10;10;3.787878787878788;0.0013921260833740234;0.011660099029541016;0.034835100173950195;0.209997904;1037;1840;364;608;429;195582.0;195582.0;1
"./instances/gcut6";4;20;20;3.787878787878788;0.001542806625366211;0.009457111358642578;0.01550912857055664;0.076538993;2154;3367;596;1557;597;236305.0;236305.0;1
"./instances/gcut7";4;30;30;3.875968992248062;0.0025091171264648438;0.03455615043640137;0.041477203369140625;0.29504523;7635;10612;1467;6155;1480;238974.0;238974.0;1
"./instances/gcut8";4;50;50;3.937007874015748;0.014653921127319336;0.3650810718536377;0.38336896896362305;4.798812783;79697;107811;9097;60730;18967;245758.0;245758.0;1
"./instances/gcut9";4;10;10;3.4246575342465753;0.003280162811279297;0.011427879333496094;0.03822588920593262;0.11136298;1804;2748;445;1315;489;919476.0;919476.0;1
"./instances/gcut10";4;20;20;3.8461538461538463;0.0375518798828125;0.011339902877807617;0.053440093994140625;0.111532682;2303;3365;554;1815;488;903435.0;903435.0;1
"./instances/gcut11";4;30;30;3.7593984962406015;0.007928133010864258;0.22928404808044434;0.24196910858154297;1.889095267;26880;37528;4244;20506;6374;955389.0;955389.0;1
"./instances/gcut12";4;50;50;3.937007874015748;0.0247039794921875;0.26804304122924805;0.3160269260406494;3.580513096;61065;79714;8146;50612;10453;970744.0;970744.0;1
"./instances/STS4";4;20;50;7.071428571428571;0.010396003723144531;0.24062800407409668;0.27373504638671875;26.47416905;50872;105784;4020;4452;46420;9700.0;9700.0;1
"./instances/STS4s";4;20;50;7.071428571428571;0.012490034103393555;0.4272007942199707;0.4650719165802002;26.830979861;50872;105784;4020;4452;46420;9770.0;9770.0;1
"./instances/A5";4;20;45;10.153846153846153;0.012295007705688477;0.2872731685638428;0.3219330310821533;42.039264847;57571;120618;5456;4570;53001;12985.0;12985.0;1
"./instances/Hchl2";4;35;75;7.222222222222222;0.03390002250671387;0.9560790061950684;1.0148260593414307;203.221177483;152577;312870;7681;12895;139682;9954.0;9954.0;1
"./instances/Hchl3s";4;10;51;8.466666666666667;0.016377925872802734;0.4337940216064453;0.4744539260864258;248.222149367;82057;169836;5712;2080;79977;12215.0;12215.0;1
"./instances/Hchl4s";4;10;32;8.466666666666667;0.019374847412109375;0.6368851661682129;0.6808810234069824;3600.018734559;82057;169836;5712;2080;79977;11983.0;12267.0;12
"./instances/Hchl6s";4;22;60;7.228571428571429;0.05632209777832031;1.5055019855499268;1.5853350162506104;684.181829273;245359;509110;18370;36175;209184;61040.0;61040.0;1
"./instances/Hchl7s";4;40;90;7.96969696969697;0.13835787773132324;4.134092092514038;4.29692006111145;3346.572386421;649777;1324833;25239;61461;588316;63112.0;63112.0;1
"./instances/CW1";4;25;67;5.0;0.01080322265625;0.1515970230102539;0.18712306022644043;8.340166368;26791;56957;3350;10603;16188;6402.0;6402.0;1
"./instances/CW2";4;35;63;4.852941176470588;0.009655952453613281;0.1960158348083496;0.22736907005310059;11.347549062;33419;71018;4145;19610;13809;5354.0;5354.0;1
"./instances/CW3";4;40;96;4.6;0.01995992660522461;0.47160887718200684;0.5137009620666504;35.567483025;84196;177145;8713;53818;30378;5689.0;5689.0;1
"./instances/CHL1";4;30;63;10.153846153846153;0.0326998233795166;0.8441381454467773;0.9003970623016357;157.841908953;110109;226804;6556;7222;102887;8699.0;8699.0;1
"./instances/CHL1s";4;30;63;10.153846153846153;0.029211997985839844;0.5839099884033203;0.6391229629516602;72.107204145;110109;226804;6556;7222;102887;13099.0;13099.0;1
"./instances/CHL6";4;30;65;10.833333333333334;0.03509807586669922;1.0417749881744385;1.1008179187774658;113.605294828;160707;329631;8187;9767;150940;16869.0;16869.0;1
"./instances/CHL7";4;35;75;7.222222222222222;0.03628802299499512;0.9999191761016846;1.0599510669708252;115.749616327;154883;317482;7681;12895;141988;16881.0;16881.0;1
"./instances/CU1";4;25;82;5.0;0.006285190582275391;0.07873320579528809;0.11002993583679199;1.335301114;13966;30036;2079;7549;6417;12330.0;12330.0;1
"./instances/CU2";4;35;90;5.0;0.02015399932861328;0.20171904563903809;0.24711108207702637;4.060964764;38391;81280;4463;24104;14287;26100.0;26100.0;1
"./instances/okp1";4;15;50;100.0;0.02819204330444336;0.8383519649505615;0.8883481025695801;68.254091617;125307;258527;7898;2161;123146;27589.0;27589.0;1
"./instances/okp2";4;30;30;100.0;0.02970409393310547;0.6567749977111816;0.7088699340820312;3600.024939645;124250;256982;8606;154;124096;21947.0;24075.0;12
"./instances/okp3";4;30;30;33.333333333333336;0.016627073287963867;0.38130617141723633;0.4224660396575928;3600.012974496;53248;110445;5915;1996;51252;24019.0;25313.0;12
"./instances/okp4";4;33;61;100.0;0.03223085403442383;0.9630818367004395;1.0197229385375977;82.670946932;147989;304745;8734;961;147028;32893.0;32893.0;1
"./instances/okp5";4;29;97;100.0;0.04076695442199707;1.2580108642578125;1.325038194656372;133.420216362;197330;403295;8606;148;197182;27923.0;27923.0;1
"./instances/P1_100_200_25_1";4;25;127;16.666666666666668;0.08762097358703613;2.684570074081421;2.7960681915283203;1225.891331456;438176;889473;13096;3888;434288;27251.0;27251.0;1
"./instances/P1_100_200_25_2";4;25;124;20.0;0.1273958683013916;3.5664641857147217;3.718108892440796;3600.139141337;593310;1201561;14916;2587;590723;25089.0;25541.0;12
"./instances/P1_100_200_25_3";4;25;120;16.666666666666668;0.1286640167236328;3.729235887527466;3.88411808013916;3600.14023268;596052;1206599;14470;2286;593766;25730.0;26028.0;12
"./instances/P1_100_200_25_4";4;25;150;16.666666666666668;0.10987401008605957;3.2783591747283936;3.413115978240967;3600.178963569;509132;1032345;14056;3098;506034;26896.0;27073.0;12
"./instances/P1_100_200_25_5";4;25;98;20.0;0.11574602127075195;3.7855288982391357;3.9262888431549072;3600.142908162;595227;1204978;14499;2249;592978;25982.0;26648.0;12
"./instances/gcut2";5;20;20;3.787878787878788;0.003348112106323242;0.025964975357055664;0.07189798355102539;0.322267529;6168;9522;1350;4184;1984;59307.0;59307.0;1
"./instances/gcut3";5;30;30;3.9682539682539684;0.01651287078857422;0.11555004119873047;0.1562669277191162;0.846911508;15884;22736;2542;11604;4280;60241.0;60241.0;1
"./instances/gcut4";5;50;50;4.032258064516129;0.015485048294067383;0.3832430839538574;0.42141103744506836;6.635216217;61004;84358;6187;43887;17117;60942.0;60942.0;1
"./instances/gcut5";5;10;10;3.787878787878788;0.0020799636840820312;0.023252010345458984;0.04950094223022461;0.192376304;1037;1840;364;608;429;195582.0;195582.0;1
"./instances/gcut6";5;20;20;3.787878787878788;0.0017011165618896484;0.010829925537109375;0.017079830169677734;0.076729129;2154;3367;596;1557;597;236305.0;236305.0;1
"./instances/gcut7";5;30;30;3.875968992248062;0.002402067184448242;0.03705883026123047;0.04379391670227051;0.296794285;7635;10612;1467;6155;1480;238974.0;238974.0;1
"./instances/gcut8";5;50;50;3.937007874015748;0.014834880828857422;0.37075304985046387;0.38919901847839355;4.986043022;79697;107811;9097;60730;18967;245758.0;245758.0;1
"./instances/gcut9";5;10;10;3.4246575342465753;0.003278017044067383;0.011371850967407227;0.03665900230407715;0.114145334;1804;2748;445;1315;489;919476.0;919476.0;1
"./instances/gcut10";5;20;20;3.8461538461538463;0.06610894203186035;0.011259078979492188;0.0820000171661377;0.122758011;2303;3365;554;1815;488;903435.0;903435.0;1
"./instances/gcut11";5;30;30;3.7593984962406015;0.007436037063598633;0.2320399284362793;0.2440049648284912;1.939793995;26880;37528;4244;20506;6374;955389.0;955389.0;1
"./instances/gcut12";5;50;50;3.937007874015748;0.024985074996948242;0.2610750198364258;0.3117060661315918;3.616151536;61065;79714;8146;50612;10453;970744.0;970744.0;1
"./instances/STS4";5;20;50;7.071428571428571;0.011505126953125;0.24877405166625977;0.2854321002960205;27.027845264;50872;105784;4020;4452;46420;9700.0;9700.0;1
"./instances/STS4s";5;20;50;7.071428571428571;0.012630939483642578;0.4476759433746338;0.48581695556640625;24.17757109;50872;105784;4020;4452;46420;9770.0;9770.0;1
"./instances/A5";5;20;45;10.153846153846153;0.01397395133972168;0.29358601570129395;0.3310110569000244;42.204942547;57571;120618;5456;4570;53001;12985.0;12985.0;1
"./instances/Hchl2";5;35;75;7.222222222222222;0.03384208679199219;0.9550158977508545;1.0127599239349365;204.168961793;152577;312870;7681;12895;139682;9954.0;9954.0;1
"./instances/Hchl3s";5;10;51;8.466666666666667;0.016722917556762695;0.4446711540222168;0.4848480224609375;366.35782346;82057;169836;5712;2080;79977;12215.0;12215.0;1
"./instances/Hchl4s";5;10;32;8.466666666666667;0.019896984100341797;0.6322429180145264;0.6774389743804932;3600.017550335;82057;169836;5712;2080;79977;11939.0;12266.0;12
"./instances/Hchl6s";5;22;60;7.228571428571429;0.0605318546295166;1.545619010925293;1.6308679580688477;694.488757238;245359;509110;18370;36175;209184;61040.0;61040.0;1
"./instances/Hchl7s";5;40;90;7.96969696969697;0.1370530128479004;4.077391862869263;4.23887300491333;2964.509274429;649777;1324833;25239;61461;588316;63112.0;63112.0;1
"./instances/CW1";5;25;67;5.0;0.00830078125;0.15211701393127441;0.1831650733947754;8.373140691;26791;56957;3350;10603;16188;6402.0;6402.0;1
"./instances/CW2";5;35;63;4.852941176470588;0.009156942367553711;0.1950521469116211;0.22562408447265625;9.946866971;33419;71018;4145;19610;13809;5354.0;5354.0;1
"./instances/CW3";5;40;96;4.6;0.020461082458496094;0.47757697105407715;0.5226788520812988;35.559853445;84196;177145;8713;53818;30378;5689.0;5689.0;1
"./instances/CHL1";5;30;63;10.153846153846153;0.0284121036529541;0.8606600761413574;0.9141860008239746;160.709486705;110109;226804;6556;7222;102887;8699.0;8699.0;1
"./instances/CHL1s";5;30;63;10.153846153846153;0.028530120849609375;0.5879411697387695;0.6420841217041016;70.096957055;110109;226804;6556;7222;102887;13099.0;13099.0;1
"./instances/CHL6";5;30;65;10.833333333333334;0.036126136779785156;1.0447630882263184;1.1063120365142822;114.55479107;160707;329631;8187;9767;150940;16869.0;16869.0;1
"./instances/CHL7";5;35;75;7.222222222222222;0.036051034927368164;0.992041826248169;1.0515499114990234;118.400875401;154883;317482;7681;12895;141988;16881.0;16881.0;1
"./instances/CU1";5;25;82;5.0;0.005193948745727539;0.07937002182006836;0.10767006874084473;1.316233185;13966;30036;2079;7549;6417;12330.0;12330.0;1
"./instances/CU2";5;35;90;5.0;0.019742965698242188;0.20174193382263184;0.24674296379089355;4.288232174;38391;81280;4463;24104;14287;26100.0;26100.0;1
"./instances/okp1";5;15;50;100.0;0.02830791473388672;0.8401980400085449;0.8929860591888428;67.42954338;125307;258527;7898;2161;123146;27589.0;27589.0;1
"./instances/okp2";5;30;30;100.0;0.032202959060668945;0.6480190753936768;0.7029991149902344;3600.020589868;124250;256982;8606;154;124096;22502.0;24124.0;12
"./instances/okp3";5;30;30;33.333333333333336;0.01659393310546875;0.37510204315185547;0.41411304473876953;3600.011458185;53248;110445;5915;1996;51252;24019.0;25080.0;12
"./instances/okp4";5;33;61;100.0;0.03330397605895996;0.9502930641174316;1.0093448162078857;81.782696234;147989;304745;8734;961;147028;32893.0;32893.0;1
"./instances/okp5";5;29;97;100.0;0.038504838943481445;1.2324280738830566;1.2944650650024414;136.289025725;197330;403295;8606;148;197182;27923.0;27923.0;1
"./instances/P1_100_200_25_1";5;25;127;16.666666666666668;0.08548903465270996;2.680743932723999;2.7892160415649414;1440.134717635;438176;889473;13096;3888;434288;27251.0;27251.0;1
"./instances/P1_100_200_25_2";5;25;124;20.0;0.12697911262512207;3.5755178928375244;3.72724986076355;3600.146541669;593310;1201561;14916;2587;590723;24798.0;25498.0;12
"./instances/P1_100_200_25_3";5;25;120;16.666666666666668;0.1252298355102539;3.737393856048584;3.886706829071045;3600.139094895;596052;1206599;14470;2286;593766;25730.0;26028.0;12
"./instances/P1_100_200_25_4";5;25;150;16.666666666666668;0.10546088218688965;3.2957308292388916;3.4246561527252197;3600.1065897;509132;1032345;14056;3098;506034;26896.0;26995.0;12
"./instances/P1_100_200_25_5";5;25;98;20.0;0.12113499641418457;3.7106339931488037;3.855341911315918;3600.156391568;595227;1204978;14499;2249;592978;25478.0;26676.0;12
"./instances/gcut2";6;20;20;3.787878787878788;0.0031402111053466797;0.02606201171875;0.06824302673339844;0.327692777;6168;9522;1350;4184;1984;59307.0;59307.0;1
"./instances/gcut3";6;30;30;3.9682539682539684;0.01833200454711914;0.10787391662597656;0.15011906623840332;0.860794293;15884;22736;2542;11604;4280;60241.0;60241.0;1
"./instances/gcut4";6;50;50;4.032258064516129;0.014042139053344727;0.3850691318511963;0.42452001571655273;6.509440475;61004;84358;6187;43887;17117;60942.0;60942.0;1
"./instances/gcut5";6;10;10;3.787878787878788;0.0020580291748046875;0.02402782440185547;0.05093097686767578;0.190793364;1037;1840;364;608;429;195582.0;195582.0;1
"./instances/gcut6";6;20;20;3.787878787878788;0.0015311241149902344;0.010095834732055664;0.01624011993408203;0.077397677;2154;3367;596;1557;597;236305.0;236305.0;1
"./instances/gcut7";6;30;30;3.875968992248062;0.0027129650115966797;0.03693699836730957;0.0441281795501709;0.297767537;7635;10612;1467;6155;1480;238974.0;238974.0;1
"./instances/gcut8";6;50;50;3.937007874015748;0.014822006225585938;0.3690469264984131;0.3876211643218994;5.084066803;79697;107811;9097;60730;18967;245758.0;245758.0;1
"./instances/gcut9";6;10;10;3.4246575342465753;0.003316164016723633;0.008730888366699219;0.03578805923461914;0.112653466;1804;2748;445;1315;489;919476.0;919476.0;1
"./instances/gcut10";6;20;20;3.8461538461538463;0.06339192390441895;0.011053085327148438;0.07867884635925293;0.112234187;2303;3365;554;1815;488;903435.0;903435.0;1
"./instances/gcut11";6;30;30;3.7593984962406015;0.007587909698486328;0.22732305526733398;0.23955988883972168;1.974225854;26880;37528;4244;20506;6374;955389.0;955389.0;1
"./instances/gcut12";6;50;50;3.937007874015748;0.023055076599121094;0.2633779048919678;0.3087339401245117;3.806379328;61065;79714;8146;50612;10453;970744.0;970744.0;1
"./instances/STS4";6;20;50;7.071428571428571;0.012387990951538086;0.2408440113067627;0.2778151035308838;27.884493487;50872;105784;4020;4452;46420;9700.0;9700.0;1
"./instances/STS4s";6;20;50;7.071428571428571;0.010782003402709961;0.40042710304260254;0.4346160888671875;26.907426968;50872;105784;4020;4452;46420;9770.0;9770.0;1
"./instances/A5";6;20;45;10.153846153846153;0.013464927673339844;0.2916431427001953;0.32793211936950684;42.383743014;57571;120618;5456;4570;53001;12985.0;12985.0;1
"./instances/Hchl2";6;35;75;7.222222222222222;0.036602020263671875;0.9563150405883789;1.0147240161895752;221.319184729;152577;312870;7681;12895;139682;9954.0;9954.0;1
"./instances/Hchl3s";6;10;51;8.466666666666667;0.01753711700439453;0.43236804008483887;0.4727649688720703;354.673993074;82057;169836;5712;2080;79977;12215.0;12215.0;1
"./instances/Hchl4s";6;10;32;8.466666666666667;0.0166170597076416;0.6267988681793213;0.66697096824646;3600.019247289;82057;169836;5712;2080;79977;11964.0;12257.0;12
"./instances/Hchl6s";6;22;60;7.228571428571429;0.05814695358276367;1.5501070022583008;1.6323978900909424;693.310140578;245359;509110;18370;36175;209184;61040.0;61040.0;1
"./instances/Hchl7s";6;40;90;7.96969696969697;0.13671112060546875;4.03961706161499;4.202318906784058;2933.42760227;649777;1324833;25239;61461;588316;63112.0;63112.0;1
"./instances/CW1";6;25;67;5.0;0.008444070816040039;0.1525418758392334;0.1862020492553711;7.964268989;26791;56957;3350;10603;16188;6402.0;6402.0;1
"./instances/CW2";6;35;63;4.852941176470588;0.00956106185913086;0.19802284240722656;0.23272013664245605;9.970460471;33419;71018;4145;19610;13809;5354.0;5354.0;1
"./instances/CW3";6;40;96;4.6;0.01826000213623047;0.4799470901489258;0.5229010581970215;35.293150744;84196;177145;8713;53818;30378;5689.0;5689.0;1
"./instances/CHL1";6;30;63;10.153846153846153;0.030889034271240234;0.8439760208129883;0.8983418941497803;168.565790243;110109;226804;6556;7222;102887;8699.0;8699.0;1
"./instances/CHL1s";6;30;63;10.153846153846153;0.029851198196411133;0.579463005065918;0.6348800659179688;71.315051899;110109;226804;6556;7222;102887;13099.0;13099.0;1
"./instances/CHL6";6;30;65;10.833333333333334;0.03610801696777344;1.031599998474121;1.0911338329315186;115.330127672;160707;329631;8187;9767;150940;16869.0;16869.0;1
"./instances/CHL7";6;35;75;7.222222222222222;0.0345311164855957;0.9860951900482178;1.043853998184204;123.573538874;154883;317482;7681;12895;141988;16881.0;16881.0;1
"./instances/CU1";6;25;82;5.0;0.005497932434082031;0.07782196998596191;0.10676002502441406;1.299590993;13966;30036;2079;7549;6417;12330.0;12330.0;1
"./instances/CU2";6;35;90;5.0;0.019686222076416016;0.2013990879058838;0.24377799034118652;4.339830146;38391;81280;4463;24104;14287;26100.0;26100.0;1
"./instances/okp1";6;15;50;100.0;0.02815413475036621;0.8280088901519775;0.8800909519195557;67.63177832;125307;258527;7898;2161;123146;27589.0;27589.0;1
"./instances/okp2";6;30;30;100.0;0.032111167907714844;0.6491708755493164;0.7052319049835205;3600.023690011;124250;256982;8606;154;124096;22502.0;24044.0;12
"./instances/okp3";6;30;30;33.333333333333336;0.01778697967529297;0.3717060089111328;0.41402196884155273;3600.012624026;53248;110445;5915;1996;51252;23743.0;25233.0;12
"./instances/okp4";6;33;61;100.0;0.03196096420288086;0.9512150287628174;1.007957935333252;74.655555464;147989;304745;8734;961;147028;32893.0;32893.0;1
"./instances/okp5";6;29;97;100.0;0.039804935455322266;1.2356758117675781;1.2999238967895508;137.023148978;197330;403295;8606;148;197182;27923.0;27923.0;1
"./instances/P1_100_200_25_1";6;25;127;16.666666666666668;0.08616900444030762;2.6551759243011475;2.7663159370422363;1230.135614354;438176;889473;13096;3888;434288;27251.0;27251.0;1
"./instances/P1_100_200_25_2";6;25;124;20.0;0.12254500389099121;3.544644832611084;3.6912729740142822;3625.08905792;593310;1201561;14916;2587;590723;24911.0;25523.0;12
"./instances/P1_100_200_25_3";6;25;120;16.666666666666668;0.12542390823364258;3.749819040298462;3.9010000228881836;3600.145071055;596052;1206599;14470;2286;593766;25730.0;26026.0;12
"./instances/P1_100_200_25_4";6;25;150;16.666666666666668;0.1112978458404541;3.2597639560699463;3.3958740234375;3600.409195445;509132;1032345;14056;3098;506034;26769.0;27069.0;12
"./instances/P1_100_200_25_5";6;25;98;20.0;0.1202850341796875;3.713283061981201;3.857447862625122;3600.13592552;595227;1204978;14499;2249;592978;25544.0;26658.0;12
"./instances/gcut2";7;20;20;3.787878787878788;0.003520965576171875;0.025899887084960938;0.07082104682922363;0.3265846;6168;9522;1350;4184;1984;59307.0;59307.0;1
"./instances/gcut3";7;30;30;3.9682539682539684;0.01642584800720215;0.10949015617370605;0.15150809288024902;0.862202372;15884;22736;2542;11604;4280;60241.0;60241.0;1
"./instances/gcut4";7;50;50;4.032258064516129;0.015755891799926758;0.38449788093566895;0.422760009765625;6.803321709;61004;84358;6187;43887;17117;60942.0;60942.0;1
"./instances/gcut5";7;10;10;3.787878787878788;0.001522064208984375;0.011514902114868164;0.0364072322845459;0.21330418;1037;1840;364;608;429;195582.0;195582.0;1
"./instances/gcut6";7;20;20;3.787878787878788;0.0015380382537841797;0.009596109390258789;0.015765905380249023;0.076829539;2154;3367;596;1557;597;236305.0;236305.0;1
"./instances/gcut7";7;30;30;3.875968992248062;0.002538919448852539;0.03392291069030762;0.04090714454650879;0.298154474;7635;10612;1467;6155;1480;238974.0;238974.0;1
"./instances/gcut8";7;50;50;3.937007874015748;0.014579057693481445;0.3572859764099121;0.3755831718444824;4.96775836;79697;107811;9097;60730;18967;245758.0;245758.0;1
"./instances/gcut9";7;10;10;3.4246575342465753;0.002969026565551758;0.010690927505493164;0.036257028579711914;0.111574454;1804;2748;445;1315;489;919476.0;919476.0;1
"./instances/gcut10";7;20;20;3.8461538461538463;0.05376100540161133;0.011095046997070312;0.06918001174926758;0.121441019;2303;3365;554;1815;488;903435.0;903435.0;1
"./instances/gcut11";7;30;30;3.7593984962406015;0.007917165756225586;0.22106385231018066;0.23379302024841309;1.956288293;26880;37528;4244;20506;6374;955389.0;955389.0;1
"./instances/gcut12";7;50;50;3.937007874015748;0.023395061492919922;0.26322197914123535;0.3103809356689453;3.756210454;61065;79714;8146;50612;10453;970744.0;970744.0;1
"./instances/STS4";7;20;50;7.071428571428571;0.011984109878540039;0.24090194702148438;0.27679896354675293;27.446130244;50872;105784;4020;4452;46420;9700.0;9700.0;1
"./instances/STS4s";7;20;50;7.071428571428571;0.014793157577514648;0.42824292182922363;0.46506404876708984;27.885090079;50872;105784;4020;4452;46420;9770.0;9770.0;1
"./instances/A5";7;20;45;10.153846153846153;0.01322793960571289;0.2773449420928955;0.3124051094055176;40.94746243;57571;120618;5456;4570;53001;12985.0;12985.0;1
"./instances/Hchl2";7;35;75;7.222222222222222;0.03503012657165527;0.9625098705291748;1.021794080734253;212.285261026;152577;312870;7681;12895;139682;9954.0;9954.0;1
"./instances/Hchl3s";7;10;51;8.466666666666667;0.018896818161010742;0.4304060935974121;0.47237586975097656;296.085419576;82057;169836;5712;2080;79977;12215.0;12215.0;1
"./instances/Hchl4s";7;10;32;8.466666666666667;0.016409873962402344;0.6245260238647461;0.6649580001831055;3600.017436903;82057;169836;5712;2080;79977;11873.000027945378;12272.0;12
"./instances/Hchl6s";7;22;60;7.228571428571429;0.059127092361450195;1.5531458854675293;1.6376850605010986;682.097587921;245359;509110;18370;36175;209184;61040.0;61040.0;1
"./instances/Hchl7s";7;40;90;7.96969696969697;0.1413590908050537;4.084453821182251;4.250959873199463;2893.561041542;649777;1324833;25239;61461;588316;63112.0;63112.0;1
"./instances/CW1";7;25;67;5.0;0.010807037353515625;0.1515500545501709;0.18747210502624512;7.85514098;26791;56957;3350;10603;16188;6402.0;6402.0;1
"./instances/CW2";7;35;63;4.852941176470588;0.011073112487792969;0.19618892669677734;0.22913503646850586;12.034560514;33419;71018;4145;19610;13809;5354.0;5354.0;1
"./instances/CW3";7;40;96;4.6;0.019932985305786133;0.47142601013183594;0.5149359703063965;36.243978051;84196;177145;8713;53818;30378;5689.0;5689.0;1
"./instances/CHL1";7;30;63;10.153846153846153;0.028443098068237305;0.8472161293029785;0.8976681232452393;141.935345879;110109;226804;6556;7222;102887;8699.0;8699.0;1
"./instances/CHL1s";7;30;63;10.153846153846153;0.026424884796142578;0.578603982925415;0.6281619071960449;77.151109136;110109;226804;6556;7222;102887;13099.0;13099.0;1
"./instances/CHL6";7;30;65;10.833333333333334;0.0377199649810791;1.045159101486206;1.106921911239624;116.306935176;160707;329631;8187;9767;150940;16869.0;16869.0;1
"./instances/CHL7";7;35;75;7.222222222222222;0.03471994400024414;0.9924161434173584;1.0514910221099854;116.693008858;154883;317482;7681;12895;141988;16881.0;16881.0;1
"./instances/CU1";7;25;82;5.0;0.006227016448974609;0.07834601402282715;0.10940694808959961;1.338178899;13966;30036;2079;7549;6417;12330.0;12330.0;1
"./instances/CU2";7;35;90;5.0;0.01976609230041504;0.20164799690246582;0.2446441650390625;4.050164876;38391;81280;4463;24104;14287;26100.0;26100.0;1
"./instances/okp1";7;15;50;100.0;0.026478052139282227;0.8379089832305908;0.8875789642333984;64.464062324;125307;258527;7898;2161;123146;27589.0;27589.0;1
"./instances/okp2";7;30;30;100.0;0.02979421615600586;0.652641773223877;0.7062709331512451;3600.023189627;124250;256982;8606;154;124096;21947.0;24069.0;12
"./instances/okp3";7;30;30;33.333333333333336;0.016462087631225586;0.37589502334594727;0.41614508628845215;3600.013685539;53248;110445;5915;1996;51252;23743.0;25212.0;12
"./instances/okp4";7;33;61;100.0;0.03392195701599121;0.9620070457458496;1.0187458992004395;76.084775448;147989;304745;8734;961;147028;32893.0;32893.0;1
"./instances/okp5";7;29;97;100.0;0.037796974182128906;1.2348968982696533;1.2987139225006104;145.256231985;197330;403295;8606;148;197182;27923.0;27923.0;1
"./instances/P1_100_200_25_1";7;25;127;16.666666666666668;0.0845179557800293;2.6754660606384277;2.7846028804779053;1273.328436758;438176;889473;13096;3888;434288;27251.0;27251.0;1
"./instances/P1_100_200_25_2";7;25;124;20.0;0.12475109100341797;3.5169730186462402;3.665296792984009;3600.147410312;593310;1201561;14916;2587;590723;25089.0;25554.0;12
"./instances/P1_100_200_25_3";7;25;120;16.666666666666668;0.12789297103881836;3.6791648864746094;3.83217191696167;3600.13276903;596052;1206599;14470;2286;593766;25730.0;26029.0;12
"./instances/P1_100_200_25_4";7;25;150;16.666666666666668;0.10253000259399414;3.2541589736938477;3.3802859783172607;3600.110588534;509132;1032345;14056;3098;506034;26896.0;27014.0;12
"./instances/P1_100_200_25_5";7;25;98;20.0;0.11906790733337402;3.69791579246521;3.8401269912719727;3600.1501386;595227;1204978;14499;2249;592978;25595.0;26658.0;12
"./instances/gcut2";8;20;20;3.787878787878788;0.0019178390502929688;0.027498960494995117;0.06842589378356934;0.329244842;6168;9522;1350;4184;1984;59307.0;59307.0;1
"./instances/gcut3";8;30;30;3.9682539682539684;0.04750394821166992;0.18825316429138184;0.25817108154296875;0.82541389;15884;22736;2542;11604;4280;60241.0;60241.0;1
"./instances/gcut4";8;50;50;4.032258064516129;0.023762941360473633;0.2692880630493164;0.3160560131072998;6.672343348;61004;84358;6187;43887;17117;60942.0;60942.0;1
"./instances/gcut5";8;10;10;3.787878787878788;0.0015430450439453125;0.011435985565185547;0.036293983459472656;0.183079927;1037;1840;364;608;429;195582.0;195582.0;1
"./instances/gcut6";8;20;20;3.787878787878788;0.0015380382537841797;0.009773015975952148;0.01565408706665039;0.077155864;2154;3367;596;1557;597;236305.0;236305.0;1
"./instances/gcut7";8;30;30;3.875968992248062;0.002986907958984375;0.03584098815917969;0.04319596290588379;0.297663923;7635;10612;1467;6155;1480;238974.0;238974.0;1
"./instances/gcut8";8;50;50;3.937007874015748;0.014287948608398438;0.3728208541870117;0.39083409309387207;5.036645876;79697;107811;9097;60730;18967;245758.0;245758.0;1
"./instances/gcut9";8;10;10;3.4246575342465753;0.002878904342651367;0.009248018264770508;0.03454089164733887;0.115820855;1804;2748;445;1315;489;919476.0;919476.0;1
"./instances/gcut10";8;20;20;3.8461538461538463;0.05288290977478027;0.011627912521362305;0.06903505325317383;0.11413206;2303;3365;554;1815;488;903435.0;903435.0;1
"./instances/gcut11";8;30;30;3.7593984962406015;0.0075910091400146484;0.22657418251037598;0.23899483680725098;2.016050779;26880;37528;4244;20506;6374;955389.0;955389.0;1
"./instances/gcut12";8;50;50;3.937007874015748;0.023418188095092773;0.2741379737854004;0.32155704498291016;3.730443414;61065;79714;8146;50612;10453;970744.0;970744.0;1
"./instances/STS4";8;20;50;7.071428571428571;0.009749174118041992;0.2756929397583008;0.31094884872436523;26.965376949;50872;105784;4020;4452;46420;9700.0;9700.0;1
"./instances/STS4s";8;20;50;7.071428571428571;0.013195037841796875;0.27006006240844727;0.30696892738342285;26.425076026;50872;105784;4020;4452;46420;9770.0;9770.0;1
"./instances/A5";8;20;45;10.153846153846153;0.01458287239074707;0.289963960647583;0.3282480239868164;43.510430005;57571;120618;5456;4570;53001;12985.0;12985.0;1
"./instances/Hchl2";8;35;75;7.222222222222222;0.03496694564819336;1.0191681385040283;1.0790870189666748;201.450758316;152577;312870;7681;12895;139682;9954.0;9954.0;1
"./instances/Hchl3s";8;10;51;8.466666666666667;0.017960071563720703;0.43068885803222656;0.47294187545776367;428.233608855;82057;169836;5712;2080;79977;12215.0;12215.0;1
"./instances/Hchl4s";8;10;32;8.466666666666667;0.017220020294189453;0.43784594535827637;0.4789550304412842;3600.254948608;82057;169836;5712;2080;79977;12002.0;12255.0;12
"./instances/Hchl6s";8;22;60;7.228571428571429;0.05599403381347656;1.5949828624725342;1.6777479648590088;691.640169728;245359;509110;18370;36175;209184;61040.0;61040.0;1
"./instances/Hchl7s";8;40;90;7.96969696969697;0.13704204559326172;4.205330848693848;4.365832805633545;2615.646355642;649777;1324833;25239;61461;588316;63112.0;63112.0;1
"./instances/CW1";8;25;67;5.0;0.008214950561523438;0.15813398361206055;0.18889284133911133;8.274858764;26791;56957;3350;10603;16188;6402.0;6402.0;1
"./instances/CW2";8;35;63;4.852941176470588;0.0086669921875;0.18781709671020508;0.22140192985534668;10.706094145;33419;71018;4145;19610;13809;5354.0;5354.0;1
"./instances/CW3";8;40;96;4.6;0.017832040786743164;0.4762101173400879;0.5163750648498535;36.506324883;84196;177145;8713;53818;30378;5689.0;5689.0;1
"./instances/CHL1";8;30;63;10.153846153846153;0.03080606460571289;0.8580300807952881;0.9145750999450684;139.749404445;110109;226804;6556;7222;102887;8699.0;8699.0;1
"./instances/CHL1s";8;30;63;10.153846153846153;0.0280611515045166;0.5913498401641846;0.6459059715270996;71.014048187;110109;226804;6556;7222;102887;13099.0;13099.0;1
"./instances/CHL6";8;30;65;10.833333333333334;0.03690910339355469;1.0552167892456055;1.1168160438537598;114.294855144;160707;329631;8187;9767;150940;16869.0;16869.0;1
"./instances/CHL7";8;35;75;7.222222222222222;0.03292202949523926;1.0065951347351074;1.0654339790344238;112.288778089;154883;317482;7681;12895;141988;16881.0;16881.0;1
"./instances/CU1";8;25;82;5.0;0.00510406494140625;0.07892584800720215;0.10845398902893066;1.272536304;13966;30036;2079;7549;6417;12330.0;12330.0;1
"./instances/CU2";8;35;90;5.0;0.019835948944091797;0.20462298393249512;0.24995207786560059;4.102615803;38391;81280;4463;24104;14287;26100.0;26100.0;1
"./instances/okp1";8;15;50;100.0;0.026633024215698242;0.8387331962585449;0.8880629539489746;64.737861514;125307;258527;7898;2161;123146;27589.0;27589.0;1
"./instances/okp2";8;30;30;100.0;0.03150582313537598;0.6582620143890381;0.713170051574707;3600.023384232;124250;256982;8606;154;124096;22502.0;23983.0;12
"./instances/okp3";8;30;30;33.333333333333336;0.01588296890258789;0.36954712867736816;0.4115328788757324;3600.010911145;53248;110445;5915;1996;51252;24019.0;25160.0;12
"./instances/okp4";8;33;61;100.0;0.03360319137573242;0.9533669948577881;1.0101549625396729;83.727595649;147989;304745;8734;961;147028;32893.0;32893.0;1
"./instances/okp5";8;29;97;100.0;0.03794717788696289;1.241011142730713;1.3056199550628662;143.362668757;197330;403295;8606;148;197182;27923.0;27923.0;1
"./instances/P1_100_200_25_1";8;25;127;16.666666666666668;0.08456301689147949;2.686659097671509;2.796678066253662;1254.845718181;438176;889473;13096;3888;434288;27251.0;27251.0;1
"./instances/P1_100_200_25_2";8;25;124;20.0;0.1204221248626709;3.57362699508667;3.717393159866333;3600.133661039;593310;1201561;14916;2587;590723;25089.0;25529.0;12
"./instances/P1_100_200_25_3";8;25;120;16.666666666666668;0.12679600715637207;3.724792957305908;3.874423027038574;3600.130279764;596052;1206599;14470;2286;593766;25730.0;26028.0;12
"./instances/P1_100_200_25_4";8;25;150;16.666666666666668;0.10879898071289062;3.2760720252990723;3.4123620986938477;3600.10715461;509132;1032345;14056;3098;506034;26730.0;27073.0;12
"./instances/P1_100_200_25_5";8;25;98;20.0;0.11504411697387695;3.742151975631714;3.8823890686035156;3600.339127397;595227;1204978;14499;2249;592978;25693.0;26657.0;12
"./instances/gcut2";9;20;20;3.787878787878788;0.002897977828979492;0.026775836944580078;0.07030010223388672;0.32698758;6168;9522;1350;4184;1984;59307.0;59307.0;1
"./instances/gcut3";9;30;30;3.9682539682539684;0.01841902732849121;0.11241912841796875;0.1546778678894043;0.839476503;15884;22736;2542;11604;4280;60241.0;60241.0;1
"./instances/gcut4";9;50;50;4.032258064516129;0.015649080276489258;0.38901686668395996;0.42731285095214844;6.672381757;61004;84358;6187;43887;17117;60942.0;60942.0;1
"./instances/gcut5";9;10;10;3.787878787878788;0.0014121532440185547;0.01324605941772461;0.03773999214172363;0.215974779;1037;1840;364;608;429;195582.0;195582.0;1
"./instances/gcut6";9;20;20;3.787878787878788;0.0015249252319335938;0.009701967239379883;0.015815019607543945;0.076993684;2154;3367;596;1557;597;236305.0;236305.0;1
"./instances/gcut7";9;30;30;3.875968992248062;0.0022430419921875;0.03473806381225586;0.041404008865356445;0.298059204;7635;10612;1467;6155;1480;238974.0;238974.0;1
"./instances/gcut8";9;50;50;3.937007874015748;0.01459193229675293;0.3658559322357178;0.3840799331665039;4.857451874;79697;107811;9097;60730;18967;245758.0;245758.0;1
"./instances/gcut9";9;10;10;3.4246575342465753;0.003186941146850586;0.01133418083190918;0.039431095123291016;0.112674744;1804;2748;445;1315;489;919476.0;919476.0;1
"./instances/gcut10";9;20;20;3.8461538461538463;0.038642168045043945;0.011348962783813477;0.05431199073791504;0.111063428;2303;3365;554;1815;488;903435.0;903435.0;1
"./instances/gcut11";9;30;30;3.7593984962406015;0.007652997970581055;0.23116302490234375;0.24364304542541504;2.00493015;26880;37528;4244;20506;6374;955389.0;955389.0;1
"./instances/gcut12";9;50;50;3.937007874015748;0.023960113525390625;0.2678351402282715;0.31690311431884766;3.697389431;61065;79714;8146;50612;10453;970744.0;970744.0;1
"./instances/STS4";9;20;50;7.071428571428571;0.009817838668823242;0.241102933883667;0.27336621284484863;25.810892606;50872;105784;4020;4452;46420;9700.0;9700.0;1
"./instances/STS4s";9;20;50;7.071428571428571;0.012654781341552734;0.43213415145874023;0.4703218936920166;27.575595797;50872;105784;4020;4452;46420;9770.0;9770.0;1
"./instances/A5";9;20;45;10.153846153846153;0.012386083602905273;0.2898900508880615;0.32416605949401855;42.535788091;57571;120618;5456;4570;53001;12985.0;12985.0;1
"./instances/Hchl2";9;35;75;7.222222222222222;0.03598904609680176;0.9631781578063965;1.0221881866455078;201.139318427;152577;312870;7681;12895;139682;9954.0;9954.0;1
"./instances/Hchl3s";9;10;51;8.466666666666667;0.017789840698242188;0.4314541816711426;0.474261999130249;409.665507987;82057;169836;5712;2080;79977;12215.0;12215.0;1
"./instances/Hchl4s";9;10;32;8.466666666666667;0.017325878143310547;0.6342968940734863;0.6752278804779053;3600.148943093;82057;169836;5712;2080;79977;11967.0;12252.0;12
"./instances/Hchl6s";9;22;60;7.228571428571429;0.058927059173583984;1.5390021800994873;1.6224939823150635;676.957954006;245359;509110;18370;36175;209184;61040.0;61040.0;1
"./instances/Hchl7s";9;40;90;7.96969696969697;0.1389470100402832;4.065191984176636;4.228311061859131;2692.087825404;649777;1324833;25239;61461;588316;63112.0;63112.0;1
"./instances/CW1";9;25;67;5.0;0.00824594497680664;0.15378212928771973;0.18601608276367188;8.930096114;26791;56957;3350;10603;16188;6402.0;6402.0;1
"./instances/CW2";9;35;63;4.852941176470588;0.009353160858154297;0.19610309600830078;0.2309269905090332;11.449589406;33419;71018;4145;19610;13809;5354.0;5354.0;1
"./instances/CW3";9;40;96;4.6;0.018930912017822266;0.48422908782958984;0.5276539325714111;36.59356835;84196;177145;8713;53818;30378;5689.0;5689.0;1
"./instances/CHL1";9;30;63;10.153846153846153;0.027719974517822266;0.8522610664367676;0.9055290222167969;170.394080513;110109;226804;6556;7222;102887;8699.0;8699.0;1
"./instances/CHL1s";9;30;63;10.153846153846153;0.027813196182250977;0.5822949409484863;0.6327610015869141;75.544466571;110109;226804;6556;7222;102887;13099.0;13099.0;1
"./instances/CHL6";9;30;65;10.833333333333334;0.03509998321533203;1.0411779880523682;1.101010799407959;122.773638763;160707;329631;8187;9767;150940;16869.0;16869.0;1
"./instances/CHL7";9;35;75;7.222222222222222;0.034729957580566406;0.9976511001586914;1.058833122253418;119.116086962;154883;317482;7681;12895;141988;16881.0;16881.0;1
"./instances/CU1";9;25;82;5.0;0.0051419734954833984;0.07910490036010742;0.10761904716491699;1.400726331;13966;30036;2079;7549;6417;12330.0;12330.0;1
"./instances/CU2";9;35;90;5.0;0.02215886116027832;0.20148301124572754;0.24809908866882324;4.26995866;38391;81280;4463;24104;14287;26100.0;26100.0;1
"./instances/okp1";9;15;50;100.0;0.028506994247436523;0.8498361110687256;0.902144193649292;68.757734919;125307;258527;7898;2161;123146;27589.0;27589.0;1
"./instances/okp2";9;30;30;100.0;0.03316187858581543;0.6582410335540771;0.7151341438293457;3600.025320851;124250;256982;8606;154;124096;22502.0;24012.0;12
"./instances/okp3";9;30;30;33.333333333333336;0.018555879592895508;0.3809950351715088;0.42296886444091797;3600.011683372;53248;110445;5915;1996;51252;24019.0;25288.0;12
"./instances/okp4";9;33;61;100.0;0.03194904327392578;0.9540789127349854;1.0122859477996826;79.655378848;147989;304745;8734;961;147028;32893.0;32893.0;1
"./instances/okp5";9;29;97;100.0;0.03792715072631836;1.2333040237426758;1.2968990802764893;145.554917406;197330;403295;8606;148;197182;27923.0;27923.0;1
"./instances/P1_100_200_25_1";9;25;127;16.666666666666668;0.08877706527709961;2.7021539211273193;2.8135340213775635;1298.288530482;438176;889473;13096;3888;434288;27251.0;27251.0;1
"./instances/P1_100_200_25_2";9;25;124;20.0;0.1256239414215088;3.603386163711548;3.753499984741211;3600.141837669;593310;1201561;14916;2587;590723;24962.0;25534.0;12
"./instances/P1_100_200_25_3";9;25;120;16.666666666666668;0.13225388526916504;3.8062541484832764;3.96592116355896;3600.138354048;596052;1206599;14470;2286;593766;25730.0;26026.0;12
"./instances/P1_100_200_25_4";9;25;150;16.666666666666668;0.11027908325195312;3.2839608192443848;3.419104814529419;2778.052742061;509132;1032345;14056;3098;506034;26896.0;26896.0;1
"./instances/P1_100_200_25_5";9;25;98;20.0;0.12247300148010254;3.713521957397461;3.8604869842529297;3600.45396006;595227;1204978;14499;2249;592978;25977.0;26658.0;12
