instance_path;solver_seed;rotation;mirror_plates;faithful;round2disc;pricing;hybridization;aggressive_hybridization;hybridizations;first_borns_killed_by_hybridization;aggressive_hybridization_extra_vars;qt_pevars_after_preprocess;qt_cmvars_after_preprocess;qt_plates_after_preprocess;length_pe_after_pricing;length_cm_after_pricing;length_pc_after_pricing;qt_unreachable_plate_types;qt_reachable_extractions;qt_reachable_cuts;qt_reachable_plate_types;qt_pevars_after_purge;qt_cmvars_after_purge;qt_plates_after_purge;purge_unreachable_time;num_vars;num_constrs;num_nonzeros;enumeration_time;build_time;build_stop_reason;stop_reason;build_and_solve_time;root_node_value;root_node_time;obj_value;obj_bound;solution_value;solution_print_time;total_instance_time;total_file_time;run_ended_by_exception;extra_gc_time;run_total_time;run_time_spent_on_gc;this_data_file
../instances/CW1;1;0;0;0;1;none;1;0;11404;8227;0;3837;15996;1425;3837;15996;1425;0;3837;15996;1425;3837;15996;1425;0.000720656;19858;61049;58362;0.008460615;0.06200814247131348;BUILT_MODEL;MathOptInterface.OPTIMAL;0.7130570411682129;6605.33333;0.42;6402.0;6402.0;6402;0.009013891220092773;0.722074031829834;0.722127295;false;0.100505904;0.825054812;0.101957247;./experiments_outputs/2022-03-08T00:53:43/jl_02NdLr
../instances/STS2;1;0;0;0;1;none;1;0;14898;7823;0;2766;24909;1651;2766;24909;1651;0;2766;24909;1651;2766;24909;1651;0.000979909;27705;84826;86767;0.00946482;0.08111190795898438;BUILT_MODEL;MathOptInterface.OPTIMAL;1.2294797897338867;4673.33333;0.73;4620.0;4620.0;4620;0.011710166931152344;1.2411930561065674;1.241249089;false;0.101943079;1.345610494;0.103344886;./experiments_outputs/2022-03-08T00:53:43/jl_0MAQ9q
../instances/gcut7;1;0;0;0;1;none;1;0;1117;996;0;1843;1419;248;1843;1419;248;0;1843;1419;248;1843;1419;248;0.00010004;3292;10184;8105;0.002485154;0.012664079666137695;BUILT_MODEL;MathOptInterface.OPTIMAL;0.05755901336669922;240465.5;0.04;238974.0;238974.0;238974;0.0016930103302001953;0.05925488471984863;0.059310494;false;0.097133204;0.158687652;0.095746563;./experiments_outputs/2022-03-08T00:53:43/jl_0Oq70q
../instances/okp1;1;0;0;0;1;none;1;1;16957;9989;211;92;91949;3167;92;91949;3167;0;92;91949;3167;92;91949;3167;0.003365592;92056;279365;280387;0.023462015;0.2639429569244385;BUILT_MODEL;MathOptInterface.OPTIMAL;4.914842128753662;28055.1667;2.89;27589.0;27589.0;27589;0.03957700729370117;4.954422950744629;4.954578785;false;0.115879408;5.07276701;0.130620829;./experiments_outputs/2022-03-08T00:53:43/jl_1dN8Er
../instances/CHL2;1;0;0;0;1;none;1;0;3438;2105;0;322;3953;475;322;3953;475;0;322;3953;475;322;3953;475;0.000206902;4285;13350;13786;0.001520583;0.03527212142944336;BUILT_MODEL;MathOptInterface.OPTIMAL;0.13888812065124512;2398.0;0.06;2326.0;2326.0;2326;0.0023789405822753906;0.14126992225646973;0.141313333;false;0.097395836;0.240953956;0.09562598;./experiments_outputs/2022-03-08T00:53:43/jl_1PpWop
../instances/OF2;1;0;0;0;1;none;0;0;0;0;0;87;2066;265;87;2066;265;0;87;2066;265;87;2066;265;0.000123775;2153;6734;6136;0.000708183;0.008209943771362305;BUILT_MODEL;MathOptInterface.OPTIMAL;0.05743002891540527;2729.1;0.03;2690.0;2690.0;2690;0.0014231204986572266;0.05885601043701172;0.058897926;false;0.095718332;0.156956937;0.0946989;./experiments_outputs/2022-03-08T00:53:43/jl_1SZafp
../instances/okp5;1;0;0;0;1;none;0;0;0;0;0;76;164030;4722;76;164030;4722;0;76;164030;4722;76;164030;4722;0.006569018;164106;497069;487588;0.045065624;0.507112979888916;BUILT_MODEL;MathOptInterface.OPTIMAL;12.295922994613647;27973.6757;9.91;27923.0;27923.0;27923;0.07052779197692871;12.366456985473633;12.366519115;false;0.108979497;12.477772445;0.156236002;./experiments_outputs/2022-03-08T00:53:43/jl_1Yi3lq
../instances/A1;1;0;0;0;1;none;0;0;0;0;0;722;3013;388;722;3013;388;0;722;3013;388;722;3013;388;0.000168078;3735;11613;10120;0.001132859;0.01223897933959961;BUILT_MODEL;MathOptInterface.OPTIMAL;0.0736548900604248;2020.0;0.06;2020.0;2020.0;2020;0.002111196517944336;0.07576799392700195;0.07581733;false;0.096865841;0.174827909;0.095350135;./experiments_outputs/2022-03-08T00:53:43/jl_1ZW8Lr
../instances/A3;1;0;0;0;1;none;0;0;0;0;0;2525;11079;1104;2525;11079;1104;0;2525;11079;1104;2525;11079;1104;0.000571805;13604;41936;37424;0.003628111;0.036930084228515625;BUILT_MODEL;MathOptInterface.OPTIMAL;0.602445125579834;5503.0303;0.2;5451.0;5451.0;5451;0.006197929382324219;0.6086471080780029;0.608696941;false;0.099720222;0.710833506;0.096769717;./experiments_outputs/2022-03-08T00:53:43/jl_28Nwbp
../instances/CU2;1;0;0;0;1;none;1;1;21225;18941;4815;7440;21745;1347;7440;21745;1347;0;7440;21745;1347;7440;21745;1347;0.000751905;29220;89077;82395;0.012930581;0.08344793319702148;BUILT_MODEL;MathOptInterface.OPTIMAL;0.38782596588134766;26100.0;0.29;26100.0;26100.0;26100;0.012571096420288086;0.40040087699890137;0.400615788;false;0.101797041;0.504707576;0.102592668;./experiments_outputs/2022-03-08T00:53:43/jl_2EGtlq
../instances/STS2s;1;0;0;0;1;none;0;0;0;0;0;2766;24909;1651;2766;24909;1651;0;2766;24909;1651;2766;24909;1651;0.001013042;27675;84706;78871;0.007876015;0.07877802848815918;BUILT_MODEL;MathOptInterface.OPTIMAL;1.0084989070892334;4665.25;0.67;4653.0;4653.0;4653;0.011924028396606445;1.0204260349273682;1.020481747;false;0.101979417;1.124676114;0.103496264;./experiments_outputs/2022-03-08T00:53:43/jl_2J5srq
../instances/CHL7;1;0;0;0;1;none;1;1;171520;51281;87660;8103;212559;5884;8103;212559;5884;0;8103;212559;5884;8103;212559;5884;0.007272214;220697;668045;772136;0.06727266;0.6943769454956055;BUILT_MODEL;MathOptInterface.OPTIMAL;36.58555793762207;16896.8333;19.82;16881.0;16881.0;16881;0.0935971736907959;36.67915987968445;36.685800415;false;0.115894664;36.8039183;0.174822043;./experiments_outputs/2022-03-08T00:53:43/jl_2Mr1Ro
../instances/W;1;0;0;0;1;none;1;1;1699;1238;73;383;1999;272;383;1999;272;0;383;1999;272;383;1999;272;0.000112743;2402;7518;7227;0.000876781;0.00886392593383789;BUILT_MODEL;MathOptInterface.OPTIMAL;0.041697025299072266;2721.0;0.03;2721.0;2721.0;2721;0.0013279914855957031;0.043029069900512695;0.043194226;false;0.095238323;0.14066093;0.0941384;./experiments_outputs/2022-03-08T00:53:43/jl_2R5ypp
../instances/CHL2s;1;0;0;0;1;none;1;1;3488;2119;28;322;3975;475;322;3975;475;0;322;3975;475;322;3975;475;0.000216349;4307;13416;13916;0.00154713;0.032158851623535156;BUILT_MODEL;MathOptInterface.OPTIMAL;0.2620890140533447;3385.5;0.06;3279.0;3279.0;3279;0.0024068355560302734;0.2644991874694824;0.264662763;false;0.097044443;0.363937111;0.095249272;./experiments_outputs/2022-03-08T00:53:43/jl_2tvAnp
../instances/CHL2s;1;0;0;0;1;none;1;0;3438;2105;0;322;3953;475;322;3953;475;0;322;3953;475;322;3953;475;0.00021112;4285;13350;13786;0.001527697;0.03368401527404785;BUILT_MODEL;MathOptInterface.OPTIMAL;0.22293806076049805;3385.5;0.05;3279.0;3279.0;3279;0.002398967742919922;0.2253410816192627;0.225384929;false;0.098407328;0.326074835;0.096595753;./experiments_outputs/2022-03-08T00:53:43/jl_2uF1Ir
../instances/STS2s;1;0;0;0;1;none;1;0;14898;7823;0;2766;24909;1651;2766;24909;1651;0;2766;24909;1651;2766;24909;1651;0.000993474;27705;84826;86767;0.009471884;0.08155107498168945;BUILT_MODEL;MathOptInterface.OPTIMAL;1.139775037765503;4667.0;0.72;4653.0;4653.0;4653;0.011874914169311523;1.1516530513763428;1.151710788;false;0.102945106;1.256906291;0.104333168;./experiments_outputs/2022-03-08T00:53:43/jl_2wLl3r
../instances/A2s;1;0;0;0;1;none;1;0;3283;2437;0;1272;3494;452;1272;3494;452;0;1272;3494;452;1272;3494;452;0.000183418;4786;14850;13867;0.001654878;0.015244007110595703;BUILT_MODEL;MathOptInterface.OPTIMAL;0.08954000473022461;3539.83333;0.07;3535.0;3535.0;3535;0.0024700164794921875;0.09201407432556152;0.092062847;false;0.098022379;0.192425435;0.096184063;./experiments_outputs/2022-03-08T00:53:43/jl_37c0Up
../instances/gcut9;1;0;0;0;1;none;1;1;181;138;0;102;181;44;102;181;44;0;102;181;44;102;181;44;3.5838e-5;293;943;810;0.00083922;0.0032911300659179688;BUILT_MODEL;MathOptInterface.OPTIMAL;0.013936042785644531;937266.0;0.01;919476.0;919476.0;919476;0.00048613548278808594;0.014425039291381836;0.014588554;false;0.093759864;0.11072099;0.09339372;./experiments_outputs/2022-03-08T00:53:43/jl_3eRXSp
../instances/gcut1;1;0;0;0;1;none;0;0;0;0;0;77;161;49;77;161;49;0;77;161;49;77;161;49;3.3694e-5;238;773;612;0.000178339;0.002794981002807617;BUILT_MODEL;MathOptInterface.OPTIMAL;0.008417129516601562;50297.0;0.0;48368.0;48368.0;48368;0.00030684471130371094;0.008727073669433594;0.008773097;false;0.094408379;0.105289335;0.09413436;./experiments_outputs/2022-03-08T00:53:43/jl_4hSC1n
../instances/gcut11;1;0;0;0;1;none;1;1;2929;2519;276;1956;2929;333;1956;2929;333;0;1956;2929;333;1956;2929;333;0.000144233;4915;15138;13169;0.005885749;0.019472122192382812;BUILT_MODEL;MathOptInterface.OPTIMAL;0.10747408866882324;972031.833;0.06;955389.0;955389.0;955389;0.002441883087158203;0.10991907119750977;0.110089986;false;0.096724449;0.209027586;0.094411559;./experiments_outputs/2022-03-08T00:53:43/jl_4YcCho
../instances/HH;1;0;0;0;1;none;0;0;0;0;0;46;4324;532;46;4324;532;0;46;4324;532;46;4324;532;0.00024263;4370;13647;12600;0.001246584;0.03197908401489258;BUILT_MODEL;MathOptInterface.OPTIMAL;3.948939085006714;12028.0435;0.07;11586.0;11586.0;11586;0.002665996551513672;3.951608896255493;3.951649021;false;0.098446509;4.052306464;0.096557104;./experiments_outputs/2022-03-08T00:53:43/jl_58kwZq
../instances/Hchl2;1;0;0;0;1;none;0;0;0;0;0;8114;137341;5840;8114;137341;5840;0;8114;137341;5840;8114;137341;5840;0.013536514;145455;442240;423203;0.051645512;0.4680020809173584;BUILT_MODEL;MathOptInterface.OPTIMAL;47.44001913070679;10053.1765;24.07;9954.0;9954.0;9954;0.06765079498291016;47.50767397880554;47.507750422;false;0.108525324;47.618772782;0.157839991;./experiments_outputs/2022-03-08T00:53:43/jl_5O7HPo
../instances/gcut11;1;0;0;0;1;none;0;0;0;0;0;2368;3304;406;2368;3304;406;0;2368;3304;406;2368;3304;406;0.000180352;5672;17452;14485;0.005205673;0.02106499671936035;BUILT_MODEL;MathOptInterface.OPTIMAL;0.12116789817810059;972031.833;0.06;955389.0;955389.0;955389;0.0027589797973632812;0.12392997741699219;0.123986092;false;0.0973407;0.223578711;0.095280231;./experiments_outputs/2022-03-08T00:53:43/jl_6Pschs
../instances/A3;1;0;0;0;1;none;1;1;12303;6144;2387;2525;13195;1104;2525;13195;1104;0;2525;13195;1104;2525;13195;1104;0.000616497;15740;48364;50697;0.004491346;0.04365205764770508;BUILT_MODEL;MathOptInterface.OPTIMAL;0.6573119163513184;5503.0303;0.24;5451.0;5451.0;5451;0.007161140441894531;0.6644759178161621;0.664644687;false;0.099013734;0.765840605;0.09589141;./experiments_outputs/2022-03-08T00:53:43/jl_82RU3o
../instances/OF1;1;0;0;0;1;none;1;0;1945;1281;0;61;3207;386;61;3207;386;0;61;3207;386;61;3207;386;0.000178037;3278;10240;10281;0.0011704;0.02930593490600586;BUILT_MODEL;MathOptInterface.OPTIMAL;0.11301708221435547;2752.66667;0.05;2737.0;2737.0;2737;0.0020208358764648438;0.11504101753234863;0.115092993;false;0.097098529;0.214662898;0.095674438;./experiments_outputs/2022-03-08T00:53:43/jl_8jBY3q
../instances/3;1;0;0;0;1;none;0;0;0;0;0;385;1988;286;385;1988;286;0;385;1988;286;385;1988;286;0.00011627;2373;7425;6500;0.000804506;0.008427143096923828;BUILT_MODEL;MathOptInterface.OPTIMAL;0.16084814071655273;1901.76471;0.03;1860.0;1860.0;1860;0.0015490055084228516;0.1624000072479248;0.162448118;false;0.096378727;0.261217479;0.095184913;./experiments_outputs/2022-03-08T00:53:43/jl_8pdoko
../instances/3;1;0;0;0;1;none;1;0;1553;1152;0;383;1926;272;383;1926;272;0;383;1926;272;383;1926;272;0.000114507;2329;7299;6944;0.000934753;0.009135007858276367;BUILT_MODEL;MathOptInterface.OPTIMAL;0.14029383659362793;1919.16667;0.03;1860.0;1860.0;1860;0.0016350746154785156;0.14193296432495117;0.141982263;false;0.096131018;0.240548679;0.094937454;./experiments_outputs/2022-03-08T00:53:43/jl_8rCWMr
../instances/HH;1;0;0;0;1;none;1;1;2771;647;0;46;4324;532;46;4324;532;0;46;4324;532;46;4324;532;0.000248411;4375;13667;14988;0.001491099;0.03420901298522949;BUILT_MODEL;MathOptInterface.OPTIMAL;0.679872989654541;12028.0435;0.08;11586.0;11586.0;11586;0.002794981002807617;0.6826720237731934;0.682818063;false;0.098868377;0.783905999;0.096947755;./experiments_outputs/2022-03-08T00:53:43/jl_8T48as
../instances/CU1;1;0;0;0;1;none;1;0;3785;2818;0;2446;5799;651;2446;5799;651;0;2446;5799;651;2446;5799;651;0.000276654;8270;25511;23090;0.003104747;0.04366898536682129;BUILT_MODEL;MathOptInterface.OPTIMAL;0.15491604804992676;12330.0;0.11;12330.0;12330.0;12330;0.0037419795989990234;0.158660888671875;0.158745539;false;0.100089493;0.261102681;0.09767886;./experiments_outputs/2022-03-08T00:53:43/jl_8zuBGr
../instances/A1;1;0;0;0;1;none;1;0;2553;2010;0;722;2983;384;722;2983;384;0;722;2983;384;722;2983;384;0.000158;3725;11599;10913;0.001331645;0.013046979904174805;BUILT_MODEL;MathOptInterface.OPTIMAL;0.0754251480102539;2020.0;0.06;2020.0;2020.0;2020;0.0021820068359375;0.07761001586914062;0.077657664;false;0.09645456;0.176388482;0.094936562;./experiments_outputs/2022-03-08T00:53:43/jl_9IOZ8r
../instances/gcut4;1;0;0;0;1;none;0;0;0;0;0;12546;14791;1197;12546;14791;1197;0;12546;14791;1197;12546;14791;1197;0.000665663;27337;83258;68665;0.012757223;0.07918787002563477;BUILT_MODEL;MathOptInterface.OPTIMAL;0.6797468662261963;61586.3333;0.26;60942.0;60942.0;60942;0.011397123336791992;0.6911489963531494;0.691219132;false;0.102193093;0.795708801;0.103015453;./experiments_outputs/2022-03-08T00:53:43/jl_9jFe4r
../instances/Hchl3s;1;0;0;0;1;none;1;0;32877;7145;0;491;71348;3849;491;71348;3849;0;491;71348;3849;491;71348;3849;0.00268933;71849;219416;238823;0.022889497;0.21681690216064453;BUILT_MODEL;MathOptInterface.OPTIMAL;40.44314885139465;12354.027;6.75;12215.0;12215.0;12215;0.031440019607543945;40.47459411621094;40.474654217;false;0.114172486;40.591252012;0.123240343;./experiments_outputs/2022-03-08T00:53:43/jl_9N732q
../instances/STS4s;1;0;0;0;1;none;1;1;40378;12087;12575;2604;52159;2736;2604;52159;2736;0;2604;52159;2736;2604;52159;2736;0.002356083;54783;167125;189144;0.015339555;0.18681907653808594;BUILT_MODEL;MathOptInterface.OPTIMAL;2.9550251960754395;9771.33333;2.64;9770.0;9770.0;9770;0.023482799530029297;2.97851300239563;3.077622086;false;0.108292121;3.188320845;0.121558228;./experiments_outputs/2022-03-08T00:53:43/jl_A05rRo
../instances/wang20;1;0;0;0;1;none;0;0;0;0;0;385;1988;286;385;1988;286;0;385;1988;286;385;1988;286;0.000127071;2373;7425;6500;0.000772765;0.008625030517578125;BUILT_MODEL;MathOptInterface.OPTIMAL;0.038259029388427734;2721.0;0.03;2721.0;2721.0;2721;0.0013380050659179688;0.03959989547729492;0.039651927;false;0.095724845;0.137802152;0.094635298;./experiments_outputs/2022-03-08T00:53:43/jl_AgDO8n
../instances/CHL5;1;0;0;0;1;none;1;0;294;253;0;25;1349;185;25;1349;185;0;25;1349;185;25;1349;185;9.2104e-5;1384;4357;4052;0.000490781;0.023080110549926758;BUILT_MODEL;MathOptInterface.OPTIMAL;0.07946205139160156;395.530837;0.02;390.0;390.0;390;0.0012440681457519531;0.08070993423461914;0.080755631;false;0.096169815;0.179442339;0.095358976;./experiments_outputs/2022-03-08T00:53:43/jl_Al7J5o
../instances/gcut8;1;0;0;0;1;none;0;0;0;0;0;15595;18653;1423;15595;18653;1423;0;15595;18653;1423;15595;18653;1423;0.000866163;34248;104217;86256;0.01996906;0.10639691352844238;BUILT_MODEL;MathOptInterface.OPTIMAL;0.42615699768066406;245758.0;0.3;245758.0;245758.0;245758;0.014286994934082031;0.4404468536376953;0.440515829;false;0.103194491;0.545872792;0.107368086;./experiments_outputs/2022-03-08T00:53:43/jl_alfeKr
../instances/CHL5;1;0;0;0;1;none;0;0;0;0;0;25;1349;185;25;1349;185;0;25;1349;185;25;1349;185;9.1864e-5;1374;4317;3956;0.000430787;0.024950027465820312;BUILT_MODEL;MathOptInterface.OPTIMAL;0.06531810760498047;395.530836;0.01;390.0;390.0;390;0.0011589527130126953;0.06648087501525879;0.066529309;false;0.095703194;0.164726683;0.094943163;./experiments_outputs/2022-03-08T00:53:43/jl_alkh4p
../instances/cgcut3;1;0;0;0;1;none;1;1;1699;1238;73;383;1999;272;383;1999;272;0;383;1999;272;383;1999;272;0.000114717;2402;7518;7227;0.000929122;0.00890493392944336;BUILT_MODEL;MathOptInterface.OPTIMAL;0.13242506980895996;1919.16667;0.03;1860.0;1860.0;1860;0.0015840530395507812;0.13401198387145996;0.134172254;false;0.096840569;0.233256746;0.095620895;./experiments_outputs/2022-03-08T00:53:43/jl_atorbo
../instances/A4;1;0;0;0;1;none;0;0;0;0;0;1237;30898;1973;1237;30898;1973;0;1237;30898;1973;1237;30898;1973;0.001452034;32135;98398;93362;0.008894969;0.09036111831665039;BUILT_MODEL;MathOptInterface.OPTIMAL;2.7182400226593018;6248.55263;1.19;6179.0;6179.0;6179;0.013994932174682617;2.7322399616241455;2.732290114;false;0.103549795;2.838163407;0.104974156;./experiments_outputs/2022-03-08T00:53:43/jl_AVWjSo
../instances/A5;1;0;0;0;1;none;0;0;0;0;0;825;44936;2523;825;44936;2523;0;825;44936;2523;825;44936;2523;0.008497875;45761;139826;133964;0.01280804;0.14954495429992676;BUILT_MODEL;MathOptInterface.OPTIMAL;3.6000289916992188;13092.95;1.71;12985.0;12985.0;12985;0.01955890655517578;3.619594097137451;3.619644487;false;0.107043049;3.729104088;0.113367815;./experiments_outputs/2022-03-08T00:53:43/jl_B9whUp
../instances/gcut10;1;0;0;0;1;none;1;1;890;839;0;809;890;164;809;890;164;0;809;890;164;809;890;164;6.8099e-5;1719;5361;4379;0.002578153;0.008790969848632812;BUILT_MODEL;MathOptInterface.OPTIMAL;0.034024953842163086;931465.75;0.02;903435.0;903435.0;903435;0.0009810924530029297;0.035008907318115234;0.035174915;false;0.094908;0.132156423;0.09413144;./experiments_outputs/2022-03-08T00:53:43/jl_be1AAs
../instances/Hchl9;1;0;0;0;1;none;0;0;0;0;0;3022;33636;1975;3022;33636;1975;0;3022;33636;1975;3022;33636;1975;0.001317889;36658;111984;105206;0.010050422;0.1236569881439209;BUILT_MODEL;MathOptInterface.OPTIMAL;2.9365100860595703;5277.53592;1.28;5240.0;5240.0;5240;0.016023874282836914;2.9525370597839355;2.952597021;false;0.105145924;3.060011438;0.107451768;./experiments_outputs/2022-03-08T00:53:43/jl_BnUIcs
../instances/okp1;1;0;0;0;1;none;0;0;0;0;0;92;91949;3167;92;91949;3167;0;92;91949;3167;92;91949;3167;0.003015809;92041;279305;272956;0.020705343;0.2568938732147217;BUILT_MODEL;MathOptInterface.OPTIMAL;4.424154996871948;28055.1667;2.69;27589.0;27589.0;27589;0.039566993713378906;4.463728904724121;4.463777877;false;0.11495314;4.581059723;0.130111806;./experiments_outputs/2022-03-08T00:53:43/jl_bTcNJo
../instances/STS2;1;0;0;0;1;none;1;1;22816;12100;4682;2766;28145;1651;2766;28145;1651;0;2766;28145;1651;2766;28145;1651;0.001176141;30941;94534;100297;0.009713283;0.08919405937194824;BUILT_MODEL;MathOptInterface.OPTIMAL;1.2938339710235596;4681.66667;0.7;4620.0;4620.0;4620;0.012964010238647461;1.3068010807037354;1.306967629;false;0.103129698;1.412315665;0.104192473;./experiments_outputs/2022-03-08T00:53:43/jl_bTqsts
../instances/OF1;1;0;0;0;1;none;1;1;2128;1365;104;61;3286;386;61;3286;386;0;61;3286;386;61;3286;386;0.000178288;3357;10477;10638;0.001163233;0.027891874313354492;BUILT_MODEL;MathOptInterface.OPTIMAL;0.11128091812133789;2752.66666;0.04;2737.0;2737.0;2737;0.002090930938720703;0.11337614059448242;0.11354537;false;0.095754252;0.211792354;0.094306621;./experiments_outputs/2022-03-08T00:53:43/jl_C0FBFo
../instances/A2s;1;0;0;0;1;none;0;0;0;0;0;1272;3494;452;1272;3494;452;0;1272;3494;452;1272;3494;452;0.000199869;4766;14770;12698;0.001395135;0.014956951141357422;BUILT_MODEL;MathOptInterface.OPTIMAL;0.09751486778259277;3539.83333;0.07;3535.0;3535.0;3535;0.002424001693725586;0.09994196891784668;0.099989254;false;0.096995305;0.199127812;0.095191713;./experiments_outputs/2022-03-08T00:53:43/jl_C3YZys
../instances/gcut7;1;0;0;0;1;none;1;1;1711;1426;302;1843;1711;248;1843;1711;248;0;1843;1711;248;1843;1711;248;0.000106421;3584;11060;9164;0.002479356;0.012830018997192383;BUILT_MODEL;MathOptInterface.OPTIMAL;0.05951690673828125;240465.5;0.04;238974.0;238974.0;238974;0.0017631053924560547;0.06128191947937012;0.061451147;false;0.096252516;0.159932705;0.094734921;./experiments_outputs/2022-03-08T00:53:43/jl_C5l55o
../instances/Hchl8s;1;0;0;0;1;none;1;0;1589;958;0;28;9341;629;28;9341;629;0;28;9341;629;28;9341;629;0.000416259;9379;28786;28259;0.002584651;0.0479581356048584;BUILT_MODEL;MathOptInterface.OPTIMAL;143.9734799861908;974.0;0.13;911.0;911.0;911;0.004979133605957031;143.97846293449402;143.978512951;false;0.108154693;144.089079246;0.101719479;./experiments_outputs/2022-03-08T00:53:43/jl_C9ydHo
../instances/okp3;1;0;0;0;1;none;1;1;20809;10530;6404;563;41486;1966;563;41486;1966;0;563;41486;1966;563;41486;1966;0.001796358;42079;128263;134810;0.01335118;0.14798402786254883;BUILT_MODEL;MathOptInterface.OPTIMAL;339.4621880054474;26225.7297;1.1;24019.0;24019.0;24019;0.018121004104614258;339.48031306266785;339.480492246;false;0.107127432;339.589900655;0.114515294;./experiments_outputs/2022-03-08T00:53:43/jl_cpItGq
../instances/CHL1s;1;0;0;0;1;none;1;0;34148;13893;0;3306;104579;4318;3306;104579;4318;0;3306;104579;4318;3306;104579;4318;0.003885829;107915;328123;337704;0.041202269;0.3401069641113281;BUILT_MODEL;MathOptInterface.OPTIMAL;19.619273900985718;13191.7222;9.65;13099.0;13099.0;13099;0.04648900032043457;19.665767908096313;19.665857476;false;0.10506781;19.773060846;0.139778798;./experiments_outputs/2022-03-08T00:53:43/jl_cURZdq
../instances/Hchl3s;1;0;0;0;1;none;1;1;43749;9297;5823;491;76397;3849;491;76397;3849;0;491;76397;3849;491;76397;3849;0.002800535;76898;234563;262914;0.02341011;0.22495794296264648;BUILT_MODEL;MathOptInterface.OPTIMAL;174.3624129295349;12354.027;6.39;12215.0;12215.0;12215;0.040863990783691406;174.40328097343445;174.403455112;false;0.112427869;174.518251258;0.126870427;./experiments_outputs/2022-03-08T00:53:43/jl_CyQgvr
../instances/okp1;1;0;0;0;1;none;1;0;16746;9778;0;92;91949;3167;92;91949;3167;0;92;91949;3167;92;91949;3167;0.003387234;92056;279365;280371;0.023418869;0.25989484786987305;BUILT_MODEL;MathOptInterface.OPTIMAL;4.954377889633179;28055.1666;3.03;27589.0;27589.0;27589;0.0396270751953125;4.994009971618652;4.994059117;false;0.11488776;5.111245256;0.129682627;./experiments_outputs/2022-03-08T00:53:43/jl_dcCpkp
../instances/gcut5;1;0;0;0;1;none;1;1;333;295;0;110;333;76;110;333;76;0;110;333;76;110;333;76;4.2771e-5;453;1455;1277;0.000466193;0.0032808780670166016;BUILT_MODEL;MathOptInterface.OPTIMAL;0.023447036743164062;217768.0;0.01;195582.0;195582.0;195582;0.0005638599395751953;0.02401280403137207;0.02417417;false;0.093891493;0.120425934;0.093441229;./experiments_outputs/2022-03-08T00:53:43/jl_DcUpns
../instances/A1;1;0;0;0;1;none;1;1;2883;2256;165;722;3148;384;722;3148;384;0;722;3148;384;722;3148;384;0.00015833;3890;12094;11499;0.001354639;0.012946844100952148;BUILT_MODEL;MathOptInterface.OPTIMAL;0.07506799697875977;2020.0;0.06;2020.0;2020.0;2020;0.0023000240325927734;0.07737112045288086;0.077529273;false;0.097419388;0.177236061;0.095834744;./experiments_outputs/2022-03-08T00:53:43/jl_dOW0yq
../instances/3;1;0;0;0;1;none;1;1;1699;1238;73;383;1999;272;383;1999;272;0;383;1999;272;383;1999;272;0.000114577;2402;7518;7227;0.000929463;0.00878596305847168;BUILT_MODEL;MathOptInterface.OPTIMAL;0.1320819854736328;1919.16667;0.03;1860.0;1860.0;1860;0.0015921592712402344;0.13367795944213867;0.133837891;false;0.096742534;0.232835112;0.095535896;./experiments_outputs/2022-03-08T00:53:43/jl_egkJ0r
../instances/CHL2;1;0;0;0;1;none;1;1;3488;2119;28;322;3975;475;322;3975;475;0;322;3975;475;322;3975;475;0.000205931;4307;13416;13916;0.001515625;0.03255295753479004;BUILT_MODEL;MathOptInterface.OPTIMAL;0.1538858413696289;2398.0;0.05;2326.0;2326.0;2326;0.0023679733276367188;0.15625715255737305;0.156409944;false;0.098275179;0.25696739;0.096466447;./experiments_outputs/2022-03-08T00:53:43/jl_EiHx9q
../instances/CW3;1;0;0;0;1;none;0;0;0;0;0;17473;29523;2202;17473;29523;2202;0;17473;29523;2202;17473;29523;2202;0.001181711;46996;143230;121581;0.019481729;0.15393400192260742;BUILT_MODEL;MathOptInterface.OPTIMAL;1.8326098918914795;5792.5;1.29;5689.0;5689.0;5689;0.01945209503173828;1.852066993713379;1.852131864;false;0.107000753;1.961523281;0.112021278;./experiments_outputs/2022-03-08T00:53:43/jl_ejthFs
../instances/Hchl4s;1;0;0;0;1;none;1;1;43723;9271;5823;490;76362;3843;490;76362;3843;0;490;76362;3843;490;76362;3843;0.002792659;76862;234449;262807;0.023355125;0.24359798431396484;BUILT_MODEL;MathOptInterface.OPTIMAL;3384.8289330005646;12307.0915;7.13;12006.0;12006.0;12006;0.0337679386138916;3384.8627059459686;3384.862882862;false;0.118656764;3384.984077323;0.132306143;./experiments_outputs/2022-03-08T00:53:43/jl_ELVAhq
../instances/gcut9;1;0;0;0;1;none;1;0;181;138;0;102;181;44;102;181;44;0;102;181;44;102;181;44;3.5216e-5;293;943;810;0.000809646;0.003225088119506836;BUILT_MODEL;MathOptInterface.OPTIMAL;0.01397705078125;937266.0;0.01;919476.0;919476.0;919476;0.00048089027404785156;0.014461994171142578;0.014507364;false;0.095495498;0.112419063;0.095178747;./experiments_outputs/2022-03-08T00:53:43/jl_EM20Tp
../instances/A1s;1;0;0;0;1;none;1;1;2883;2256;165;722;3148;384;722;3148;384;0;722;3148;384;722;3148;384;0.000156676;3890;12094;11499;0.001321253;0.012692928314208984;BUILT_MODEL;MathOptInterface.OPTIMAL;0.07503294944763184;2950.0;0.06;2950.0;2950.0;2950;0.001898050308227539;0.0769350528717041;0.077107122;false;0.095923221;0.17530346;0.094293244;./experiments_outputs/2022-03-08T00:53:43/jl_ENHeks
../instances/cgcut3;1;0;0;0;1;none;0;0;0;0;0;385;1988;286;385;1988;286;0;385;1988;286;385;1988;286;0.000117723;2373;7425;6500;0.000805117;0.00857686996459961;BUILT_MODEL;MathOptInterface.OPTIMAL;0.16094684600830078;1901.76471;0.03;1860.0;1860.0;1860;0.0015301704406738281;0.16247916221618652;0.1625293;false;0.096355762;0.261296244;0.095164985;./experiments_outputs/2022-03-08T00:53:43/jl_EP3Crp
../instances/Hchl3s;1;0;0;0;1;none;0;0;0;0;0;491;71348;3849;491;71348;3849;0;491;71348;3849;491;71348;3849;0.010279193;71839;219376;211641;0.019202256;0.20647907257080078;BUILT_MODEL;MathOptInterface.OPTIMAL;37.78368401527405;12354.027;8.44;12215.0;12215.0;12215;0.03091907501220703;37.81460785865784;37.814666188;false;0.113973861;37.931000204;0.123473629;./experiments_outputs/2022-03-08T00:53:43/jl_F4Ii3q
../instances/CHL1;1;0;0;0;1;none;1;0;34148;13893;0;3306;104579;4318;3306;104579;4318;0;3306;104579;4318;3306;104579;4318;0.003850854;107915;328123;337704;0.041172653;0.35728001594543457;BUILT_MODEL;MathOptInterface.OPTIMAL;22.774505138397217;8873.52976;8.69;8699.0;8699.0;8699;0.047187089920043945;22.821696996688843;22.821755122;false;0.104494167;22.928747676;0.138521329;./experiments_outputs/2022-03-08T00:53:43/jl_FB4aZo
../instances/A5;1;0;0;0;1;none;1;0;10121;4543;0;825;44936;2523;825;44936;2523;0;825;44936;2523;825;44936;2523;0.008173812;45781;139906;140104;0.014825695;0.15387582778930664;BUILT_MODEL;MathOptInterface.OPTIMAL;5.08587384223938;13092.95;1.8;12985.0;12985.0;12985;0.01996898651123047;5.105847120285034;5.105900169;false;0.107526611;5.215884301;0.113205661;./experiments_outputs/2022-03-08T00:53:43/jl_FHItzs
../instances/CHL7;1;0;0;0;1;none;1;0;33860;12535;0;8103;138757;5884;8103;138757;5884;0;8103;138757;5884;8103;138757;5884;0.005734886;146895;446639;449558;0.060117018;0.481442928314209;BUILT_MODEL;MathOptInterface.OPTIMAL;29.145549058914185;16896.8333;23.66;16881.0;16881.0;16881;0.06399989128112793;29.209554195404053;29.209658312;false;0.109140569;29.32110278;0.154542261;./experiments_outputs/2022-03-08T00:53:43/jl_Fjhjrr
../instances/2;1;0;0;0;1;none;1;1;4389;2039;1950;159;7002;600;159;7002;600;0;159;7002;600;159;7002;600;0.000333493;7171;22133;23449;0.002049958;0.02138805389404297;BUILT_MODEL;MathOptInterface.OPTIMAL;0.31740903854370117;2894.36842;0.11;2892.0;2892.0;2892;0.0037529468536376953;0.3211658000946045;0.330484688;false;0.098407603;0.431103834;0.096159108;./experiments_outputs/2022-03-08T00:53:43/jl_fMqDZq
../instances/CHL2s;1;0;0;0;1;none;0;0;0;0;0;322;3953;475;322;3953;475;0;322;3953;475;322;3953;475;0.000235146;4275;13310;12080;0.001310956;0.03201007843017578;BUILT_MODEL;MathOptInterface.OPTIMAL;0.23509597778320312;3385.49999;0.05;3279.0;3279.0;3279;0.002315044403076172;0.23741507530212402;0.237457802;false;0.097777178;0.337494655;0.095978727;./experiments_outputs/2022-03-08T00:53:43/jl_fSuT2p
../instances/A2;1;0;0;0;1;none;0;0;0;0;0;1272;3494;452;1272;3494;452;0;1272;3494;452;1272;3494;452;0.000201873;4766;14770;12698;0.001388253;0.014961957931518555;BUILT_MODEL;MathOptInterface.OPTIMAL;0.1796560287475586;2615.0;0.07;2505.0;2505.0;2505;0.0025360584259033203;0.18219590187072754;0.182243993;false;0.097398823;0.281763498;0.095559394;./experiments_outputs/2022-03-08T00:53:43/jl_GbF2Fq
../instances/Hchl7s;1;0;0;0;1;none;0;0;0;0;0;28332;557598;16988;28332;557598;16988;0;28332;557598;16988;28332;557598;16988;0.023963162;585930;1774818;1714084;0.211244781;1.9917669296264648;BUILT_MODEL;MathOptInterface.OPTIMAL;443.48406887054443;63283.9673;294.23;63112.0;63112.0;63112;0.26180315017700195;443.7458779811859;443.74599457;false;0.140463295;443.888797201;0.489413118;./experiments_outputs/2022-03-08T00:53:43/jl_GBit9n
../instances/gcut1;1;0;0;0;1;none;1;0;161;141;0;76;161;48;76;161;48;0;76;161;48;76;161;48;3.0568e-5;247;809;675;0.000212022;0.0029010772705078125;BUILT_MODEL;MathOptInterface.OPTIMAL;0.009256124496459961;50246.0;0.01;48368.0;48368.0;48368;0.00030684471130371094;0.009567022323608398;0.009612751;false;0.095248709;0.10693891;0.094953549;./experiments_outputs/2022-03-08T00:53:43/jl_GJQjVp
../instances/2;1;0;0;0;1;none;1;0;1505;333;0;159;6068;600;159;6068;600;0;159;6068;600;159;6068;600;0.000330787;6237;19331;19390;0.001964226;0.018904924392700195;BUILT_MODEL;MathOptInterface.OPTIMAL;0.36313390731811523;2894.36842;0.1;2892.0;2892.0;2892;0.003367185592651367;0.3665039539337158;0.366546487;false;0.097444539;0.466217528;0.095306664;./experiments_outputs/2022-03-08T00:53:43/jl_GM4e8p
../instances/A4;1;0;0;0;1;none;1;1;24585;10065;2705;1237;33198;1973;1237;33198;1973;0;1237;33198;1973;1237;33198;1973;0.00153091;34455;105378;115952;0.010877172;0.09929394721984863;BUILT_MODEL;MathOptInterface.OPTIMAL;4.720105886459351;6250.22856;1.26;6179.0;6179.0;6179;0.014435052871704102;4.734545946121216;4.734717914;false;0.103243124;4.840270983;0.104182894;./experiments_outputs/2022-03-08T00:53:43/jl_gRXvko
../instances/A1s;1;0;0;0;1;none;1;0;2553;2010;0;722;2983;384;722;2983;384;0;722;2983;384;722;2983;384;0.000159222;3725;11599;10913;0.001324743;0.012398004531860352;BUILT_MODEL;MathOptInterface.OPTIMAL;0.0734870433807373;2950.0;0.06;2950.0;2950.0;2950;0.0018689632415771484;0.07535791397094727;0.075408663;false;0.09737322;0.175070563;0.095842778;./experiments_outputs/2022-03-08T00:53:43/jl_GSzxGr
../instances/gcut6;1;0;0;0;1;none;1;1;1083;982;218;785;1083;165;785;1083;165;0;785;1083;165;785;1083;165;7.1305e-5;1888;5869;4960;0.001196296;0.0076448917388916016;BUILT_MODEL;MathOptInterface.OPTIMAL;0.032640933990478516;237651.5;0.02;236305.0;236305.0;236305;0.0010380744934082031;0.033682823181152344;0.033848032;false;0.094766662;0.130778473;0.093948491;./experiments_outputs/2022-03-08T00:53:43/jl_GwMufp
../instances/cgcut2;1;0;0;0;1;none;1;0;1505;333;0;159;6068;600;159;6068;600;0;159;6068;600;159;6068;600;0.000322011;6237;19331;19390;0.001943466;0.019283056259155273;BUILT_MODEL;MathOptInterface.OPTIMAL;0.3636910915374756;2894.36842;0.1;2892.0;2892.0;2892;0.0033960342407226562;0.36708998680114746;0.367133824;false;0.097882865;0.467124115;0.095701408;./experiments_outputs/2022-03-08T00:53:43/jl_gyi7Go
../instances/gcut12;1;0;0;0;1;none;1;0;15278;14766;0;15702;15382;1206;15702;15382;1206;0;15702;15382;1206;15702;15382;1206;0.000568568;31134;94708;78162;0.026681871;0.10187792778015137;BUILT_MODEL;MathOptInterface.OPTIMAL;0.5108909606933594;977946.5;0.27;970744.0;970744.0;970744;0.0131988525390625;0.5240941047668457;0.524163159;false;0.103313675;0.629892125;0.107017048;./experiments_outputs/2022-03-08T00:53:43/jl_H8ySzp
../instances/gcut4;1;0;0;0;1;none;1;1;16113;12042;2711;12463;16129;1178;12463;16129;1178;0;12463;16129;1178;12463;16129;1178;0.000619273;28642;87204;77484;0.013930746;0.0842900276184082;BUILT_MODEL;MathOptInterface.OPTIMAL;0.4958510398864746;61586.3333;0.26;60942.0;60942.0;60942;0.011879920959472656;0.5077340602874756;0.507922386;false;0.102040519;0.612226152;0.102294992;./experiments_outputs/2022-03-08T00:53:43/jl_HlbPYp
../instances/CW2;1;0;0;0;1;none;1;0;7695;5774;0;8297;13560;1274;8297;13560;1274;0;8297;13560;1274;8297;13560;1274;0.000582264;21892;67020;58747;0.010838486;0.06733298301696777;BUILT_MODEL;MathOptInterface.OPTIMAL;1.4842181205749512;5594.0;0.42;5354.0;5354.0;5354;0.009523868560791016;1.493746042251587;1.493807314;false;0.101123955;1.597321932;0.102368066;./experiments_outputs/2022-03-08T00:53:43/jl_HRGhbp
../instances/A1s;1;0;0;0;1;none;0;0;0;0;0;722;3013;388;722;3013;388;0;722;3013;388;722;3013;388;0.000170884;3735;11613;10120;0.001122799;0.012423038482666016;BUILT_MODEL;MathOptInterface.OPTIMAL;0.07282900810241699;2950.0;0.06;2950.0;2950.0;2950;0.00185394287109375;0.07468581199645996;0.074734428;false;0.096523261;0.17336242;0.095005082;./experiments_outputs/2022-03-08T00:53:43/jl_Hs95Ur
../instances/cgcut1;1;0;0;0;1;none;0;0;0;0;0;8;456;89;8;456;89;0;8;456;89;8;456;89;4.9254e-5;464;1488;1308;0.000181184;0.020294904708862305;BUILT_MODEL;MathOptInterface.OPTIMAL;0.02783489227294922;244.0;0.01;244.0;244.0;244;0.0006339550018310547;0.028471946716308594;0.028512779;false;0.095316091;0.126118472;0.09490947;./experiments_outputs/2022-03-08T00:53:43/jl_HU3rgs
../instances/gcut11;1;0;0;0;1;none;1;0;2633;2244;0;1957;2909;334;1957;2909;334;0;1957;2909;334;1957;2909;334;0.000146467;4896;15082;13088;0.00525159;0.019277095794677734;BUILT_MODEL;MathOptInterface.OPTIMAL;0.10548210144042969;972031.833;0.06;955389.0;955389.0;955389;0.0024559497833251953;0.1079411506652832;0.107997748;false;0.097897094;0.208011907;0.096015525;./experiments_outputs/2022-03-08T00:53:43/jl_hWTgzp
../instances/okp5;1;0;0;0;1;none;1;0;18149;1049;0;76;164030;4722;76;164030;4722;0;76;164030;4722;76;164030;4722;0.013490093;164135;497185;505091;0.049219523;0.5120229721069336;BUILT_MODEL;MathOptInterface.OPTIMAL;12.12414002418518;27973.6757;9.67;27923.0;27923.0;27923;0.07589006423950195;12.20003604888916;12.200095945;false;0.108693883;12.311111232;0.161546343;./experiments_outputs/2022-03-08T00:53:43/jl_HYCRoo
../instances/CHL6;1;0;0;0;1;none;0;0;0;0;0;4545;147384;5771;4545;147384;5771;0;4545;147384;5771;4545;147384;5771;0.01365787;151929;461588;446047;0.048984125;0.4595510959625244;BUILT_MODEL;MathOptInterface.OPTIMAL;28.19719099998474;16884.4985;20.19;16869.0;16869.0;16869;0.06995105743408203;28.267147064208984;28.267236985;false;0.108243575;28.37774835;0.159148908;./experiments_outputs/2022-03-08T00:53:43/jl_igDfjr
../instances/CHL1;1;0;0;0;1;none;1;1;81986;41908;33098;3306;124185;4318;3306;124185;4318;0;3306;124185;4318;3306;124185;4318;0.004310787;127521;386941;417312;0.042877101;0.4132039546966553;BUILT_MODEL;MathOptInterface.OPTIMAL;34.93741512298584;8873.52976;9.09;8699.0;8699.0;8699;0.05974888801574707;34.99716901779175;34.997342793;false;0.106509374;35.106356679;0.147570822;./experiments_outputs/2022-03-08T00:53:43/jl_iILFZr
../instances/CHL1;1;0;0;0;1;none;0;0;0;0;0;3306;104579;4318;3306;104579;4318;0;3306;104579;4318;3306;104579;4318;0.003803103;107885;328003;316363;0.036113244;0.33910512924194336;BUILT_MODEL;MathOptInterface.OPTIMAL;26.67308807373047;8907.52941;8.2;8699.0;8699.0;8699;0.053346872329711914;26.726439952850342;26.726499018;false;0.104856665;26.833825879;0.139655896;./experiments_outputs/2022-03-08T00:53:43/jl_IXmsqo
../instances/gcut8;1;0;0;0;1;none;1;1;18706;15077;1696;14844;18706;1350;14844;18706;1350;0;14844;18706;1350;14844;18706;1350;0.000727468;33600;102250;89535;0.022246879;0.10747289657592773;BUILT_MODEL;MathOptInterface.OPTIMAL;0.41808485984802246;245758.0;0.29;245758.0;245758.0;245758;0.013900041580200195;0.4319889545440674;0.432168838;false;0.10258457;0.536905945;0.106400076;./experiments_outputs/2022-03-08T00:53:43/jl_JG4yGq
../instances/Hchl6s;1;0;0;0;1;none;0;0;0;0;0;7317;183268;8423;7317;183268;8423;0;7317;183268;8423;7317;183268;8423;0.00697664;190585;580200;556449;0.082683375;0.6221179962158203;BUILT_MODEL;MathOptInterface.OPTIMAL;35.21009397506714;61332.8;30.1;61040.0;61040.0;61040;0.09039807319641113;35.30049991607666;35.30057845;false;0.111924255;35.415073571;0.176713607;./experiments_outputs/2022-03-08T00:53:43/jl_JKdpgo
../instances/okp2;1;0;0;0;1;none;1;1;23142;11180;741;67;102913;3480;67;102913;3480;0;67;102913;3480;67;102913;3480;0.003520405;103010;312570;318257;0.028895009;0.33068299293518066;BUILT_MODEL;MathOptInterface.OPTIMAL;1091.3853809833527;24409.4565;4.95;22502.0;22502.0;22502;0.05592608451843262;1091.4413130283356;1091.441488251;false;0.105547276;1091.549613947;0.140008064;./experiments_outputs/2022-03-08T00:53:43/jl_jW4C1q
../instances/A2s;1;0;0;0;1;none;1;1;3432;2507;99;1272;3544;452;1272;3544;452;0;1272;3544;452;1272;3544;452;0.000178448;4836;15000;14113;0.001648622;0.015108823776245117;BUILT_MODEL;MathOptInterface.OPTIMAL;0.0932610034942627;3539.83333;0.06;3535.0;3535.0;3535;0.0024390220642089844;0.0957040786743164;0.095871363;false;0.096220414;0.194221221;0.094318383;./experiments_outputs/2022-03-08T00:53:43/jl_JzfOHq
../instances/STS2;1;0;0;0;1;none;0;0;0;0;0;2766;24909;1651;2766;24909;1651;0;2766;24909;1651;2766;24909;1651;0.001009214;27675;84706;78871;0.007825902;0.0781850814819336;BUILT_MODEL;MathOptInterface.OPTIMAL;1.1570799350738525;4673.33333;0.68;4620.0;4620.0;4620;0.011656045913696289;1.1687400341033936;1.168793525;false;0.102443339;1.273503434;0.1039982;./experiments_outputs/2022-03-08T00:53:43/jl_k346Bs
../instances/okp2;1;0;0;0;1;none;0;0;0;0;0;67;102687;3480;67;102687;3480;0;67;102687;3480;67;102687;3480;0.011651785;102754;311772;305249;0.025900446;0.3286900520324707;BUILT_MODEL;MathOptInterface.OPTIMAL;2013.2257800102234;24399.9753;5.78;22502.0;22502.0;22502;0.04954385757446289;2013.2753291130066;2013.275393516;false;0.104310203;2013.382288611;0.138877395;./experiments_outputs/2022-03-08T00:53:43/jl_Ka4rwr
../instances/CHL5;1;0;0;0;1;none;1;1;831;511;334;25;1552;185;25;1552;185;0;25;1552;185;25;1552;185;9.5581e-5;1587;4966;4959;0.000497643;0.025315046310424805;BUILT_MODEL;MathOptInterface.OPTIMAL;0.09679913520812988;395.530837;0.02;390.0;390.0;390;0.0014100074768066406;0.09821200370788574;0.098377248;false;0.094950707;0.195840255;0.094076181;./experiments_outputs/2022-03-08T00:53:43/jl_kaYZQo
../instances/gcut2;1;0;0;0;1;none;0;0;0;0;0;982;1740;249;982;1740;249;0;982;1740;249;982;1740;249;0.00011081;2722;8435;7040;0.001382392;0.010200023651123047;BUILT_MODEL;MathOptInterface.OPTIMAL;0.04914522171020508;59801.25;0.03;59307.0;59307.0;59307;0.0014548301696777344;0.05060410499572754;0.050659733;false;0.095966694;0.14872149;0.094784622;./experiments_outputs/2022-03-08T00:53:43/jl_kdN8ir
../instances/CW3;1;0;0;0;1;none;1;0;24264;19930;0;17473;29523;2202;17473;29523;2202;0;17473;29523;2202;17473;29523;2202;0.001120385;47036;143390;127442;0.021784323;0.16053199768066406;BUILT_MODEL;MathOptInterface.OPTIMAL;1.6799190044403076;5792.50003;1.18;5689.0;5689.0;5689;0.019881010055541992;1.6998050212860107;1.6998705;false;0.106865655;1.809137019;0.111616766;./experiments_outputs/2022-03-08T00:53:43/jl_KPVbPp
../instances/Hchl4s;1;0;0;0;1;none;0;0;0;0;0;490;71313;3843;490;71313;3843;0;490;71313;3843;490;71313;3843;0.010421983;71803;219262;211534;0.019167149;0.23014211654663086;BUILT_MODEL;MathOptInterface.OPTIMAL;1722.1155321598053;12307.0915;7.51;12006.0;12006.0;12006;0.031082868576049805;1722.1466190814972;1722.146675371;false;0.114740345;1722.263989246;0.124271251;./experiments_outputs/2022-03-08T00:53:43/jl_kRFxFr
../instances/2;1;0;0;0;1;none;0;0;0;0;0;159;6068;600;159;6068;600;0;159;6068;600;159;6068;600;0.000323654;6227;19291;17917;0.001675779;0.03525400161743164;BUILT_MODEL;MathOptInterface.OPTIMAL;0.2203369140625;2894.36842;0.1;2892.0;2892.0;2892;0.003306150436401367;0.223646879196167;0.223688559;false;0.097830632;0.323714164;0.095730789;./experiments_outputs/2022-03-08T00:53:43/jl_Ks5tdp
../instances/gcut3;1;0;0;0;1;none;1;0;4736;3746;0;4187;4866;582;4187;4866;582;0;4187;4866;582;4187;4866;582;0.00023733;9083;27891;23959;0.004846782;0.028340816497802734;BUILT_MODEL;MathOptInterface.OPTIMAL;0.12770390510559082;60241.0;0.1;60241.0;60241.0;60241;0.0041310787200927734;0.13183903694152832;0.131895351;false;0.09915013;0.23332826;0.096677211;./experiments_outputs/2022-03-08T00:53:43/jl_kuEomo
../instances/STS4;1;0;0;0;1;none;0;0;0;0;0;2604;40885;2736;2604;40885;2736;0;2604;40885;2736;2604;40885;2736;0.002022786;43489;133223;125538;0.011869633;0.14611005783081055;BUILT_MODEL;MathOptInterface.OPTIMAL;3.1741318702697754;9728.11111;2.41;9700.0;9700.0;9700;0.018401145935058594;3.1925368309020996;3.192591008;false;0.106322247;3.301287187;0.112973242;./experiments_outputs/2022-03-08T00:53:43/jl_kUhalp
../instances/cgcut1;1;0;0;0;1;none;1;0;167;167;0;8;456;89;8;456;89;0;8;456;89;8;456;89;4.8512e-5;471;1516;1330;0.000204317;0.022094011306762695;BUILT_MODEL;MathOptInterface.OPTIMAL;0.029513835906982422;244.0;0.01;244.0;244.0;244;0.0006291866302490234;0.030147075653076172;0.030191282;false;0.094905649;0.127439584;0.094513936;./experiments_outputs/2022-03-08T00:53:43/jl_lbk1wp
../instances/2s;1;0;0;0;1;none;1;0;1505;333;0;159;6068;600;159;6068;600;0;159;6068;600;159;6068;600;0.000330196;6237;19331;19390;0.00195094;0.019236087799072266;BUILT_MODEL;MathOptInterface.OPTIMAL;0.20158791542053223;2793.03333;0.1;2778.0;2778.0;2778;0.0033349990844726562;0.2049248218536377;0.204968395;false;0.098313883;0.30539269;0.096177822;./experiments_outputs/2022-03-08T00:53:43/jl_lSAW0p
../instances/okp5;1;0;0;0;1;none;1;1;19329;1320;1180;76;164030;4722;76;164030;4722;0;76;164030;4722;76;164030;4722;0.013768654;164135;497185;506013;0.049525261;0.5143849849700928;BUILT_MODEL;MathOptInterface.OPTIMAL;12.456916093826294;27973.6757;9.92;27923.0;27923.0;27923;0.0758829116821289;12.532802820205688;12.532972406;false;0.109223155;12.644468241;0.162816662;./experiments_outputs/2022-03-08T00:53:43/jl_lsmYIo
../instances/gcut2;1;0;0;0;1;none;1;0;1710;1463;0;960;1710;240;960;1710;240;0;960;1710;240;960;1710;240;0.000106392;2690;8350;7337;0.001540953;0.010454177856445312;BUILT_MODEL;MathOptInterface.OPTIMAL;0.05494117736816406;59801.25;0.03;59307.0;59307.0;59307;0.0014848709106445312;0.05643010139465332;0.056483582;false;0.097077738;0.155681021;0.095888743;./experiments_outputs/2022-03-08T00:53:43/jl_lZGnjs
../instances/A2;1;0;0;0;1;none;1;0;3283;2437;0;1272;3494;452;1272;3494;452;0;1272;3494;452;1272;3494;452;0.000181033;4786;14850;13867;0.001645391;0.015359878540039062;BUILT_MODEL;MathOptInterface.OPTIMAL;0.29016995429992676;2615.0;0.07;2505.0;2505.0;2505;0.0026099681854248047;0.2927839756011963;0.292831852;false;0.097027498;0.392009187;0.095143915;./experiments_outputs/2022-03-08T00:53:43/jl_MavPLr
../instances/HH;1;0;0;0;1;none;1;0;2771;647;0;46;4324;532;46;4324;532;0;46;4324;532;46;4324;532;0.000247219;4375;13667;14988;0.001490136;0.03402304649353027;BUILT_MODEL;MathOptInterface.OPTIMAL;0.6833679676055908;12028.0435;0.08;11586.0;11586.0;11586;0.002775907516479492;0.6861469745635986;0.686187012;false;0.098176987;0.786616421;0.096256776;./experiments_outputs/2022-03-08T00:53:43/jl_mCjhhp
../instances/Hchl6s;1;0;0;0;1;none;1;0;97166;52632;0;7317;183268;8423;7317;183268;8423;0;7317;183268;8423;7317;183268;8423;0.014522408;190607;580288;604371;0.093283006;0.6451730728149414;BUILT_MODEL;MathOptInterface.OPTIMAL;35.835862159729004;61332.8;30.27;61040.0;61040.0;61040;0.08904290199279785;35.92490911483765;35.924992265;false;0.112158081;36.039772247;0.177300157;./experiments_outputs/2022-03-08T00:53:43/jl_MdVxnp
../instances/Hchl6s;1;0;0;0;1;none;1;1;185303;87246;46128;7317;225277;8423;7317;225277;8423;0;7317;225277;8423;7317;225277;8423;0.014231221;232616;706315;786181;0.099658428;0.7766950130462646;BUILT_MODEL;MathOptInterface.OPTIMAL;35.5736448764801;61332.7998;26.66;61040.0;61040.0;61040;0.10692310333251953;35.68057298660278;35.700979182;false;0.116363792;35.819916416;0.18974342;./experiments_outputs/2022-03-08T00:53:43/jl_mHre2q
../instances/W;1;0;0;0;1;none;0;0;0;0;0;385;1988;286;385;1988;286;0;385;1988;286;385;1988;286;0.000125398;2373;7425;6500;0.000770952;0.008964061737060547;BUILT_MODEL;MathOptInterface.OPTIMAL;0.03998899459838867;2721.0;0.03;2721.0;2721.0;2721;0.0013132095336914062;0.0413050651550293;0.041353354;false;0.09585391;0.139467611;0.0947727;./experiments_outputs/2022-03-08T00:53:43/jl_mobzPo
../instances/A5;1;0;0;0;1;none;1;1;33448;17482;16365;825;55177;2523;825;55177;2523;0;825;55177;2523;825;55177;2523;0.001924935;56022;170629;181750;0.015649711;0.17531895637512207;BUILT_MODEL;MathOptInterface.OPTIMAL;6.114772081375122;13092.95;1.93;12985.0;12985.0;12985;0.02395796775817871;6.138735055923462;6.138909703;false;0.108158855;6.249515563;0.112862167;./experiments_outputs/2022-03-08T00:53:43/jl_MRLufo
../instances/CU1;1;0;0;0;1;none;1;1;8350;6415;3515;2446;8562;651;2446;8562;651;0;2446;8562;651;2446;8562;651;0.000324786;11033;33800;32542;0.003279301;0.05031585693359375;BUILT_MODEL;MathOptInterface.OPTIMAL;0.1665349006652832;12330.0;0.11;12330.0;12330.0;12330;0.004904031753540039;0.17144203186035156;0.17162903;false;0.099814726;0.273693988;0.097145361;./experiments_outputs/2022-03-08T00:53:43/jl_n7g6sq
../instances/Hchl4s;1;0;0;0;1;none;1;0;32851;7119;0;490;71313;3843;490;71313;3843;0;490;71313;3843;490;71313;3843;0.002682056;71813;219302;238716;0.022604027;0.23708009719848633;BUILT_MODEL;MathOptInterface.OPTIMAL;3016.374741077423;12307.0915;6.81;12006.0;12006.0;12006;0.03952598571777344;3016.4142718315125;3016.414329332;false;0.112561283;3016.529465277;0.129350615;./experiments_outputs/2022-03-08T00:53:43/jl_Nbhqus
../instances/CU2;1;0;0;0;1;none;1;0;12474;11784;0;7440;17609;1347;7440;17609;1347;0;7440;17609;1347;7440;17609;1347;0.000692403;25084;76669;68014;0.012758225;0.07539701461791992;BUILT_MODEL;MathOptInterface.OPTIMAL;0.41553807258605957;26100.0;0.33;26100.0;26100.0;26100;0.010957002639770508;0.4264991283416748;0.426601157;false;0.102735341;0.531652359;0.103624238;./experiments_outputs/2022-03-08T00:53:43/jl_ndgbbq
../instances/STS4s;1;0;0;0;1;none;0;0;0;0;0;2604;40885;2736;2604;40885;2736;0;2604;40885;2736;2604;40885;2736;0.002011725;43489;133223;125538;0.011926077;0.14687895774841309;BUILT_MODEL;MathOptInterface.OPTIMAL;2.732187032699585;9771.33332;2.47;9770.0;9770.0;9770;0.01840686798095703;2.7505991458892822;2.750720631;false;0.105787629;2.858927859;0.112405678;./experiments_outputs/2022-03-08T00:53:43/jl_NdV0fo
../instances/Hchl8s;1;0;0;0;1;none;0;0;0;0;0;28;9341;629;28;9341;629;0;28;9341;629;28;9341;629;0.000408334;9369;28746;27496;0.00227852;0.04619908332824707;BUILT_MODEL;MathOptInterface.OPTIMAL;229.64076209068298;974.0;0.12;911.0;911.0;911;0.00485992431640625;229.64562392234802;229.645675293;false;0.105351763;229.753326667;0.102413941;./experiments_outputs/2022-03-08T00:53:43/jl_NGopqs
../instances/gcut3;1;0;0;0;1;none;1;1;5085;3997;260;4187;5085;582;4187;5085;582;0;4187;5085;582;4187;5085;582;0.000244884;9302;28548;24777;0.004809088;0.027894020080566406;BUILT_MODEL;MathOptInterface.OPTIMAL;0.1309828758239746;60241.0;0.1;60241.0;60241.0;60241;0.0040760040283203125;0.13506197929382324;0.135239551;false;0.099050606;0.236575657;0.096446004;./experiments_outputs/2022-03-08T00:53:43/jl_Niz9ts
../instances/cgcut2;1;0;0;0;1;none;1;1;4389;2039;1950;159;7002;600;159;7002;600;0;159;7002;600;159;7002;600;0.000331198;7171;22133;23449;0.002076488;0.02186894416809082;BUILT_MODEL;MathOptInterface.OPTIMAL;0.3224308490753174;2894.36842;0.11;2892.0;2892.0;2892;0.0038230419158935547;0.32625818252563477;0.326412789;false;0.098395106;0.426874583;0.096112468;./experiments_outputs/2022-03-08T00:53:43/jl_NklQfr
../instances/A3;1;0;0;0;1;none;1;0;8339;4811;0;2525;11079;1104;2525;11079;1104;0;2525;11079;1104;2525;11079;1104;0.000555684;13624;42016;41570;0.004344589;0.038702964782714844;BUILT_MODEL;MathOptInterface.OPTIMAL;0.7218499183654785;5503.0303;0.25;5451.0;5451.0;5451;0.006306171417236328;0.7281579971313477;0.728206864;false;0.100016871;0.83063607;0.097026409;./experiments_outputs/2022-03-08T00:53:43/jl_npYKms
../instances/gcut4;1;0;0;0;1;none;1;0;12134;8858;0;12477;14674;1183;12477;14674;1183;0;12477;14674;1183;12477;14674;1183;0.000626278;27201;82886;72158;0.014063151;0.0807948112487793;BUILT_MODEL;MathOptInterface.OPTIMAL;0.5620768070220947;61586.3332;0.25;60942.0;60942.0;60942;0.011501073837280273;0.5735809803009033;0.573652206;false;0.103038234;0.678970826;0.103862456;./experiments_outputs/2022-03-08T00:53:43/jl_nuuwxs
../instances/W;1;0;0;0;1;none;1;0;1553;1152;0;383;1926;272;383;1926;272;0;383;1926;272;383;1926;272;0.000114487;2329;7299;6944;0.000876953;0.009165048599243164;BUILT_MODEL;MathOptInterface.OPTIMAL;0.042201995849609375;2721.0;0.03;2721.0;2721.0;2721;0.0013201236724853516;0.04352402687072754;0.043573758;false;0.096691175;0.142392679;0.095594816;./experiments_outputs/2022-03-08T00:53:43/jl_ohXJZq
../instances/STS4s;1;0;0;0;1;none;1;0;19167;5830;0;2604;40885;2736;2604;40885;2736;0;2604;40885;2736;2604;40885;2736;0.008298017;43509;133303;139768;0.014242522;0.1503908634185791;BUILT_MODEL;MathOptInterface.OPTIMAL;2.54670786857605;9771.33333;2.28;9770.0;9770.0;9770;0.019041061401367188;2.5657529830932617;2.56587698;false;0.106874988;2.675179432;0.113637201;./experiments_outputs/2022-03-08T00:53:43/jl_OKxqsp
../instances/CW2;1;0;0;0;1;none;0;0;0;0;0;8297;13560;1274;8297;13560;1274;0;8297;13560;1274;8297;13560;1274;0.000593996;21857;66880;56140;0.009828069;0.06504392623901367;BUILT_MODEL;MathOptInterface.OPTIMAL;1.2615339756011963;5594.0;0.44;5354.0;5354.0;5354;0.009443998336791992;1.2709829807281494;1.27104157;false;0.101502975;1.374895906;0.102882414;./experiments_outputs/2022-03-08T00:53:43/jl_OwfKyp
../instances/CW1;1;0;0;0;1;none;0;0;0;0;0;3837;15996;1425;3837;15996;1425;0;3837;15996;1425;3837;15996;1425;0.000790299;19833;60949;54403;0.007412088;0.059783935546875;BUILT_MODEL;MathOptInterface.OPTIMAL;0.6857819557189941;6605.33333;0.44;6402.0;6402.0;6402;0.008768081665039062;0.6945540904998779;0.694604991;false;0.1008622;0.797841655;0.102367215;./experiments_outputs/2022-03-08T00:53:43/jl_p4Lzrr
../instances/CW1;1;0;0;0;1;none;1;1;18272;12598;3977;3837;18887;1425;3837;18887;1425;0;3837;18887;1425;3837;18887;1425;0.00070668;22749;69722;70010;0.00873149;0.06839799880981445;BUILT_MODEL;MathOptInterface.OPTIMAL;0.7309958934783936;6605.33333;0.43;6402.0;6402.0;6402;0.010023117065429688;0.7410240173339844;0.741183124;false;0.101861509;0.845247922;0.103261394;./experiments_outputs/2022-03-08T00:53:43/jl_P4PCwq
../instances/OF1;1;0;0;0;1;none;0;0;0;0;0;61;3207;386;61;3207;386;0;61;3207;386;61;3207;386;0.000181745;3268;10200;9430;0.000987823;0.031729936599731445;BUILT_MODEL;MathOptInterface.OPTIMAL;0.1047201156616211;2752.66666;0.04;2737.0;2737.0;2737;0.0019118785858154297;0.10663509368896484;0.106683759;false;0.096278086;0.20540135;0.094899962;./experiments_outputs/2022-03-08T00:53:43/jl_PiYS5p
../instances/cgcut2;1;0;0;0;1;none;0;0;0;0;0;159;6068;600;159;6068;600;0;159;6068;600;159;6068;600;0.000322111;6227;19291;17917;0.001658055;0.018909931182861328;BUILT_MODEL;MathOptInterface.OPTIMAL;0.20324206352233887;2894.36842;0.1;2892.0;2892.0;2892;0.0033028125762939453;0.20654892921447754;0.206591057;false;0.09785733;0.306541314;0.095728763;./experiments_outputs/2022-03-08T00:53:43/jl_pL0IRq
../instances/CHL6;1;0;0;0;1;none;1;1;121266;47456;40217;4545;174826;5771;4545;174826;5771;0;4545;174826;5771;4545;174826;5771;0.011790172;179401;544034;604783;0.059472488;0.5520679950714111;BUILT_MODEL;MathOptInterface.OPTIMAL;39.20176601409912;16884.4985;21.38;16869.0;16869.0;16869;0.08337593078613281;39.285146951675415;39.285352353;false;0.111808445;39.399249674;0.165013913;./experiments_outputs/2022-03-08T00:53:43/jl_psU3Yp
../instances/CU1;1;0;0;0;1;none;0;0;0;0;0;2451;5861;658;2451;5861;658;0;2451;5861;658;2451;5861;658;0.000286944;8312;25619;21982;0.002700982;0.04500007629394531;BUILT_MODEL;MathOptInterface.OPTIMAL;0.15470409393310547;12330.0;0.1;12330.0;12330.0;12330;0.0037169456481933594;0.15842509269714355;0.158507706;false;0.099489976;0.260228572;0.097156611;./experiments_outputs/2022-03-08T00:53:43/jl_PTceSp
../instances/2s;1;0;0;0;1;none;1;1;4389;2039;1950;159;7002;600;159;7002;600;0;159;7002;600;159;7002;600;0.000332009;7171;22133;23449;0.002018243;0.021236896514892578;BUILT_MODEL;MathOptInterface.OPTIMAL;0.20964288711547852;2793.03333;0.1;2778.0;2778.0;2778;0.003715038299560547;0.21336102485656738;0.215360883;false;0.096684574;0.314314886;0.094458617;./experiments_outputs/2022-03-08T00:53:43/jl_pX1Wfq
../instances/OF2;1;0;0;0;1;none;1;1;1801;1141;270;87;2170;265;87;2170;265;0;87;2170;265;87;2170;265;0.000123203;2267;7086;7290;0.000834451;0.008396148681640625;BUILT_MODEL;MathOptInterface.OPTIMAL;0.061131954193115234;2729.1;0.03;2690.0;2690.0;2690;0.0015740394592285156;0.06271004676818848;0.062871618;false;0.095003439;0.159977108;0.093940917;./experiments_outputs/2022-03-08T00:53:43/jl_Q3K7xo
../instances/Hchl2;1;0;0;0;1;none;1;0;35966;13580;0;8114;137341;5840;8114;137341;5840;0;8114;137341;5840;8114;137341;5840;0.005305891;145490;442380;446541;0.058639536;0.4762899875640869;BUILT_MODEL;MathOptInterface.OPTIMAL;38.973374128341675;10053.1765;19.82;9954.0;9954.0;9954;0.06790685653686523;39.0412859916687;39.041346369;false;0.107785238;39.151631207;0.155233651;./experiments_outputs/2022-03-08T00:53:43/jl_qDnubq
../instances/okp4;1;0;0;0;1;none;1;1;23147;8718;17561;290;120097;4047;290;120097;4047;0;290;120097;4047;290;120097;4047;0.004231596;120420;365373;372366;0.032334968;0.38471317291259766;BUILT_MODEL;MathOptInterface.OPTIMAL;5.549300193786621;32893.0;5.05;32893.0;32893.0;32893;0.05085492134094238;5.600160121917725;5.600337644;false;0.105443849;5.708290592;0.140955403;./experiments_outputs/2022-03-08T00:53:43/jl_qnP4Ap
../instances/STS2s;1;0;0;0;1;none;1;1;22816;12100;4682;2766;28145;1651;2766;28145;1651;0;2766;28145;1651;2766;28145;1651;0.001179023;30941;94534;100297;0.009647092;0.08791303634643555;BUILT_MODEL;MathOptInterface.OPTIMAL;1.2549831867218018;4667.83333;0.7;4653.0;4653.0;4653;0.013003826141357422;1.267991065979004;1.286419396;false;0.10218866;1.391023842;0.102596272;./experiments_outputs/2022-03-08T00:53:43/jl_QnYdxp
../instances/gcut5;1;0;0;0;1;none;1;0;333;295;0;110;333;76;110;333;76;0;110;333;76;110;333;76;4.1779e-5;453;1455;1277;0.000443631;0.0036890506744384766;BUILT_MODEL;MathOptInterface.OPTIMAL;0.024029970169067383;217768.0;0.01;195582.0;195582.0;195582;0.0005650520324707031;0.024597883224487305;0.024644058;false;0.095571892;0.122609971;0.095119775;./experiments_outputs/2022-03-08T00:53:43/jl_QPfe4q
../instances/OF2;1;0;0;0;1;none;1;0;1427;816;0;87;2066;265;87;2066;265;0;87;2066;265;87;2066;265;0.000120869;2163;6774;6905;0.000831186;0.008122920989990234;BUILT_MODEL;MathOptInterface.OPTIMAL;0.05953502655029297;2729.1;0.03;2690.0;2690.0;2690;0.0015358924865722656;0.061074018478393555;0.061118222;false;0.096769393;0.160232511;0.095708141;./experiments_outputs/2022-03-08T00:53:43/jl_r45Azr
../instances/STS4;1;0;0;0;1;none;1;0;19167;5830;0;2604;40885;2736;2604;40885;2736;0;2604;40885;2736;2604;40885;2736;0.008196936;43509;133303;139768;0.014199128;0.14969205856323242;BUILT_MODEL;MathOptInterface.OPTIMAL;3.152390956878662;9728.11111;2.42;9700.0;9700.0;9700;0.018516063690185547;3.1709110736846924;3.170963617;false;0.105962824;3.279316984;0.112617633;./experiments_outputs/2022-03-08T00:53:43/jl_rbit3n
../instances/3s;1;0;0;0;1;none;1;0;1553;1152;0;383;1926;272;383;1926;272;0;383;1926;272;383;1926;272;0.000115669;2329;7299;6944;0.000905057;0.008835077285766602;BUILT_MODEL;MathOptInterface.OPTIMAL;0.04159212112426758;2721.0;0.03;2721.0;2721.0;2721;0.0013248920440673828;0.04292106628417969;0.042969182;false;0.096713788;0.141943096;0.095804824;./experiments_outputs/2022-03-08T00:53:43/jl_RFLxIp
../instances/Hchl9;1;0;0;0;1;none;1;0;16740;7777;0;3022;33636;1975;3022;33636;1975;0;3022;33636;1975;3022;33636;1975;0.001330022;36693;112124;114933;0.012108572;0.12583708763122559;BUILT_MODEL;MathOptInterface.OPTIMAL;2.9527511596679688;5283.02083;1.33;5240.0;5240.0;5240;0.015753984451293945;2.968508005142212;2.968570944;false;0.10488113;3.075713083;0.10711639;./experiments_outputs/2022-03-08T00:53:43/jl_RPRy4r
../instances/Hchl7s;1;0;0;0;1;none;1;1;593193;194146;201971;28332;740636;16988;28332;740636;16988;0;28332;740636;16988;28332;740636;16988;0.033423469;769008;2324092;2672417;0.268470694;2.7099740505218506;BUILT_MODEL;MathOptInterface.OPTIMAL;586.4958920478821;63283.9674;325.93;63112.0;63112.0;63112;0.32811903953552246;586.8240158557892;586.824231811;false;0.195013569;587.021488515;0.605059871;./experiments_outputs/2022-03-08T00:53:43/jl_RUy6iq
../instances/3s;1;0;0;0;1;none;1;1;1699;1238;73;383;1999;272;383;1999;272;0;383;1999;272;383;1999;272;0.000127692;2402;7518;7227;0.000894444;0.008552789688110352;BUILT_MODEL;MathOptInterface.OPTIMAL;0.04101991653442383;2721.0;0.03;2721.0;2721.0;2721;0.0013120174407958984;0.04233503341674805;0.042501213;false;0.095249324;0.139969942;0.09408544;./experiments_outputs/2022-03-08T00:53:43/jl_rVmN8r
../instances/gcut7;1;0;0;0;1;none;0;0;0;0;0;2106;1534;291;2106;1534;291;0;2106;1534;291;2106;1534;291;0.000127111;3640;11241;8715;0.002352151;0.012759923934936523;BUILT_MODEL;MathOptInterface.OPTIMAL;0.05482792854309082;240465.5;0.03;238974.0;238974.0;238974;0.0017960071563720703;0.05662798881530762;0.056683629;false;0.096626295;0.155417911;0.0951424;./experiments_outputs/2022-03-08T00:53:43/jl_RxMO3q
../instances/gcut10;1;0;0;0;1;none;1;0;890;839;0;809;890;164;809;890;164;0;809;890;164;809;890;164;6.9021e-5;1719;5361;4379;0.00171886;0.008405923843383789;BUILT_MODEL;MathOptInterface.OPTIMAL;0.03403806686401367;931465.75;0.02;903435.0;903435.0;903435;0.0009930133819580078;0.03504300117492676;0.035091041;false;0.096464485;0.133653274;0.095584266;./experiments_outputs/2022-03-08T00:53:43/jl_RZLKfr
../instances/A2;1;0;0;0;1;none;1;1;3432;2507;99;1272;3544;452;1272;3544;452;0;1272;3544;452;1272;3544;452;0.000181153;4836;15000;14113;0.00165037;0.015436887741088867;BUILT_MODEL;MathOptInterface.OPTIMAL;0.3393399715423584;2615.0;0.07;2505.0;2505.0;2505;0.002635955810546875;0.34197998046875;0.342139981;false;0.097854835;0.44214272;0.095923701;./experiments_outputs/2022-03-08T00:53:43/jl_s9CJVq
../instances/okp3;1;0;0;0;1;none;1;0;12852;4866;0;563;38906;1966;563;38906;1966;0;563;38906;1966;563;38906;1966;0.001734801;39499;120523;124666;0.013115966;0.13567709922790527;BUILT_MODEL;MathOptInterface.OPTIMAL;451.643000125885;26225.7297;1.09;24019.0;24019.0;24019;0.01709294319152832;451.6600978374481;451.660166965;false;0.105713171;451.768163036;0.11237047;./experiments_outputs/2022-03-08T00:53:43/jl_SdZIcs
../instances/gcut5;1;0;0;0;1;none;0;0;0;0;0;134;358;87;134;358;87;0;134;358;87;134;358;87;4.5306e-5;492;1573;1295;0.000401611;0.0036470890045166016;BUILT_MODEL;MathOptInterface.OPTIMAL;0.02601909637451172;217768.0;0.01;195582.0;195582.0;195582;0.0005190372467041016;0.026541948318481445;0.026590337;false;0.094740911;0.123743101;0.094273685;./experiments_outputs/2022-03-08T00:53:43/jl_ssbCzq
../instances/CHL6;1;0;0;0;1;none;1;0;68950;26625;0;4545;147384;5771;4545;147384;5771;0;4545;147384;5771;4545;147384;5771;0.005448904;151959;461708;490276;0.057262738;0.4780311584472656;BUILT_MODEL;MathOptInterface.OPTIMAL;36.843786001205444;16884.4985;18.65;16869.0;16869.0;16869;0.07037806510925293;36.91416811943054;36.9142567;false;0.109115964;37.025629262;0.158341882;./experiments_outputs/2022-03-08T00:53:43/jl_su1Sos
../instances/okp4;1;0;0;0;1;none;1;0;6835;3013;0;290;117219;4047;290;117219;4047;0;290;117219;4047;290;117219;4047;0.004048849;117542;356739;352884;0.031784758;0.37458300590515137;BUILT_MODEL;MathOptInterface.OPTIMAL;6.263376951217651;32893.0;5.78;32893.0;32893.0;32893;0.05068492889404297;6.314065933227539;6.314135059;false;0.104629645;6.421289672;0.140158494;./experiments_outputs/2022-03-08T00:53:43/jl_TmGcps
../instances/gcut1;1;0;0;0;1;none;1;1;161;141;0;76;161;48;76;161;48;0;76;161;48;76;161;48;4.2019e-5;247;809;675;0.000287745;0.2755148410797119;BUILT_MODEL;MathOptInterface.OPTIMAL;0.2948329448699951;50246.0;0.01;48368.0;48368.0;48368;0.008434057235717773;0.30327796936035156;0.311503152;false;0.099925132;0.917624551;0.09946982;./experiments_outputs/2022-03-08T00:53:43/jl_uGXt8p
../instances/gcut12;1;0;0;0;1;none;0;0;0;0;0;16171;15623;1246;16171;15623;1246;0;16171;15623;1246;16171;15623;1246;0.000667516;31794;96678;78219;0.024883511;0.09992790222167969;BUILT_MODEL;MathOptInterface.OPTIMAL;0.5199170112609863;977946.5;0.26;970744.0;970744.0;970744;0.013373851776123047;0.5332939624786377;0.533363129;false;0.102451994;0.638079658;0.106103209;./experiments_outputs/2022-03-08T00:53:43/jl_uhhq7r
../instances/CHL1s;1;0;0;0;1;none;0;0;0;0;0;3306;104579;4318;3306;104579;4318;0;3306;104579;4318;3306;104579;4318;0.003802691;107885;328003;316363;0.035715171;0.3240687847137451;BUILT_MODEL;MathOptInterface.OPTIMAL;21.91035485267639;13192.0;7.96;13099.0;13099.0;13099;0.052210092544555664;21.962568998336792;21.962659501;false;0.1041016;22.069080189;0.139428968;./experiments_outputs/2022-03-08T00:53:43/jl_uosxcp
../instances/Hchl9;1;0;0;0;1;none;1;1;32424;16523;9839;3022;40708;1975;3022;40708;1975;0;3022;40708;1975;3022;40708;1975;0.001487331;43765;133340;143423;0.012791058;0.14499592781066895;BUILT_MODEL;MathOptInterface.OPTIMAL;3.083427906036377;5283.02084;1.48;5240.0;5240.0;5240;0.01897716522216797;3.102409839630127;3.102580123;false;0.108016063;3.212905796;0.110030272;./experiments_outputs/2022-03-08T00:53:43/jl_v7OtUq
../instances/Hchl8s;1;0;0;0;1;none;1;1;3578;2001;1207;28;10123;629;28;10123;629;0;28;10123;629;28;10123;629;0.000495009;10161;31132;31573;0.00271542;0.04883289337158203;BUILT_MODEL;MathOptInterface.OPTIMAL;97.75235986709595;974.0;0.13;911.0;911.0;911;0.005388021469116211;97.75775098800659;97.757911661;false;0.104986855;97.865154213;0.102024177;./experiments_outputs/2022-03-08T00:53:43/jl_V8pD5r
../instances/cgcut1;1;0;0;0;1;none;1;1;510;219;283;8;658;89;8;658;89;0;8;658;89;8;658;89;5.5465e-5;673;2122;2246;0.00024793;0.022917985916137695;BUILT_MODEL;MathOptInterface.OPTIMAL;0.03260493278503418;244.0;0.01;244.0;244.0;244;0.0007560253143310547;0.03336477279663086;0.041966784;false;0.095650312;0.139879234;0.095230355;./experiments_outputs/2022-03-08T00:53:43/jl_vlCEcq
../instances/Hchl2;1;0;0;0;1;none;1;1;167121;51550;84368;8114;207957;5840;8114;207957;5840;0;8114;207957;5840;8114;207957;5840;0.007532476;216106;654228;753706;0.065937515;0.685819149017334;BUILT_MODEL;MathOptInterface.OPTIMAL;68.10392498970032;10053.1765;22.87;9954.0;9954.0;9954;0.10140705108642578;68.20533609390259;68.20550914;false;0.113272141;68.321304397;0.178785794;./experiments_outputs/2022-03-08T00:53:43/jl_vnzZDo
../instances/Hchl7s;1;0;0;0;1;none;1;0;291678;104857;0;28332;557598;16988;28332;557598;16988;0;28332;557598;16988;28332;557598;16988;0.024389163;585970;1774978;1908107;0.249570306;2.084246873855591;BUILT_MODEL;MathOptInterface.OPTIMAL;606.0853428840637;63283.9674;280.11;63112.0;63112.0;63112;0.2623260021209717;606.3476731777191;606.347784951;false;0.142747343;606.492811797;0.48445717;./experiments_outputs/2022-03-08T00:53:43/jl_vRKTks
../instances/okp3;1;0;0;0;1;none;0;0;0;0;0;565;38906;1968;565;38906;1968;0;565;38906;1968;565;38906;1968;0.001754919;39471;120411;116270;0.011260076;0.12966489791870117;BUILT_MODEL;MathOptInterface.OPTIMAL;127.08807897567749;26225.7297;1.08;24019.0;24019.0;24019;0.02320098876953125;127.11128401756287;127.111352117;false;0.105956302;127.219605696;0.112578342;./experiments_outputs/2022-03-08T00:53:43/jl_wMJx2p
../instances/CHL1s;1;0;0;0;1;none;1;1;81986;41908;33098;3306;124185;4318;3306;124185;4318;0;3306;124185;4318;3306;124185;4318;0.004247174;127521;386941;417312;0.042113679;0.3885970115661621;BUILT_MODEL;MathOptInterface.OPTIMAL;24.993479013442993;13191.7222;10.26;13099.0;13099.0;13099;0.059153079986572266;25.05263590812683;25.052850059;false;0.111102451;25.166043581;0.14939393;./experiments_outputs/2022-03-08T00:53:43/jl_WV2W6r
../instances/CHL2;1;0;0;0;1;none;0;0;0;0;0;322;3953;475;322;3953;475;0;322;3953;475;322;3953;475;0.000216491;4275;13310;12080;0.001266412;0.03410005569458008;BUILT_MODEL;MathOptInterface.OPTIMAL;0.14193391799926758;2398.0;0.05;2326.0;2326.0;2326;0.0022890567779541016;0.1442258358001709;0.144271293;false;0.097745738;0.244296305;0.095978336;./experiments_outputs/2022-03-08T00:53:43/jl_X2OEVr
../instances/3s;1;0;0;0;1;none;0;0;0;0;0;385;1988;286;385;1988;286;0;385;1988;286;385;1988;286;0.000117313;2373;7425;6500;0.000785619;0.008625984191894531;BUILT_MODEL;MathOptInterface.OPTIMAL;0.039987802505493164;2721.0;0.03;2721.0;2721.0;2721;0.001310110092163086;0.04130101203918457;0.041350328;false;0.095803245;0.139406534;0.094894912;./experiments_outputs/2022-03-08T00:53:43/jl_xEe8pp
../instances/gcut12;1;0;0;0;1;none;1;1;15455;14897;104;15702;15455;1206;15702;15455;1206;0;15702;15455;1206;15702;15455;1206;0.000562525;31207;94927;78427;0.029234174;0.1029660701751709;BUILT_MODEL;MathOptInterface.OPTIMAL;0.5984539985656738;977946.5;0.26;970744.0;970744.0;970744;0.012946128845214844;0.6114029884338379;0.611590247;false;0.102093921;0.715901497;0.105089845;./experiments_outputs/2022-03-08T00:53:43/jl_XgO4Tp
../instances/gcut10;1;0;0;0;1;none;0;0;0;0;0;943;926;193;943;926;193;0;943;926;193;943;926;193;8.0312e-5;1869;5820;4607;0.001516335;0.008360862731933594;BUILT_MODEL;MathOptInterface.OPTIMAL;0.04236197471618652;931465.75;0.02;903435.0;903435.0;903435;0.0010559558868408203;0.043421030044555664;0.043474497;false;0.095659651;0.141240452;0.094759374;./experiments_outputs/2022-03-08T00:53:43/jl_xGWmjs
../instances/STS4;1;0;0;0;1;none;1;1;40378;12087;12575;2604;52159;2736;2604;52159;2736;0;2604;52159;2736;2604;52159;2736;0.00192959;54783;167125;189144;0.015366765;0.176102876663208;BUILT_MODEL;MathOptInterface.OPTIMAL;3.5450358390808105;9728.11111;2.68;9700.0;9700.0;9700;0.02321600914001465;3.5682570934295654;3.568424617;false;0.109145928;3.679988803;0.114459167;./experiments_outputs/2022-03-08T00:53:43/jl_xhglGr
../instances/okp4;1;0;0;0;1;none;0;0;0;0;0;290;117219;4047;290;117219;4047;0;290;117219;4047;290;117219;4047;0.004041896;117509;356607;348573;0.028328209;0.3681678771972656;BUILT_MODEL;MathOptInterface.OPTIMAL;6.424311876296997;32893.0;5.94;32893.0;32893.0;32893;0.049900054931640625;6.474215984344482;6.474282722;false;0.104848823;6.581653807;0.140415582;./experiments_outputs/2022-03-08T00:53:43/jl_XsBwdr
../instances/CU2;1;0;0;0;1;none;0;0;0;0;0;7440;17609;1347;7440;17609;1347;0;7440;17609;1347;7440;17609;1347;0.000768847;25049;76529;66454;0.011502935;0.07303309440612793;BUILT_MODEL;MathOptInterface.OPTIMAL;0.41139793395996094;26099.9999;0.3;26100.0;26100.0;26100;0.01088094711303711;0.4222829341888428;0.422380679;false;0.101916017;0.52656648;0.102933896;./experiments_outputs/2022-03-08T00:53:43/jl_XURBjp
../instances/gcut6;1;0;0;0;1;none;0;0;0;0;0;847;970;177;847;970;177;0;847;970;177;847;970;177;7.9992e-5;1817;5648;4527;0.001077062;0.007941961288452148;BUILT_MODEL;MathOptInterface.OPTIMAL;0.03142690658569336;237651.5;0.02;236305.0;236305.0;236305;0.0010540485382080078;0.03248405456542969;0.032532715;false;0.095659401;0.130288021;0.0947672;./experiments_outputs/2022-03-08T00:53:43/jl_xz3Xhp
../instances/gcut2;1;0;0;0;1;none;1;1;1710;1463;0;960;1710;240;960;1710;240;0;960;1710;240;960;1710;240;0.000102474;2690;8350;7337;0.001584552;0.010206937789916992;BUILT_MODEL;MathOptInterface.OPTIMAL;0.06345987319946289;59801.25;0.04;59307.0;59307.0;59307;0.0014469623565673828;0.0649099349975586;0.065060042;false;0.097243243;0.164458818;0.096195268;./experiments_outputs/2022-03-08T00:53:43/jl_ybgKyp
../instances/okp2;1;0;0;0;1;none;1;0;22175;11030;0;67;102687;3480;67;102687;3480;0;67;102687;3480;67;102687;3480;0.003560241;102784;311892;316737;0.028950499;0.33115100860595703;BUILT_MODEL;MathOptInterface.OPTIMAL;1661.8784420490265;24409.4565;5.41;22502.0;22502.0;22502;0.04985308647155762;1661.9282999038696;1661.928364274;false;0.103441891;1662.034413488;0.137783304;./experiments_outputs/2022-03-08T00:53:43/jl_Yfoskq
../instances/CW3;1;0;0;0;1;none;1;1;30782;25292;4573;17473;31468;2202;17473;31468;2202;0;17473;31468;2202;17473;31468;2202;0.001099235;48981;149225;134920;0.021866973;0.16346406936645508;BUILT_MODEL;MathOptInterface.OPTIMAL;1.6789751052856445;5792.5;1.14;5689.0;5689.0;5689;0.020531892776489258;1.6995129585266113;1.699697274;false;0.108083689;1.81017825;0.112462683;./experiments_outputs/2022-03-08T00:53:43/jl_yJGF6o
../instances/gcut9;1;0;0;0;1;none;0;0;0;0;0;128;226;64;128;226;64;0;128;226;64;128;226;64;4.0838e-5;354;1136;916;0.000767235;0.003720998764038086;BUILT_MODEL;MathOptInterface.OPTIMAL;0.013796806335449219;937266.0;0.01;919476.0;919476.0;919476;0.0005080699920654297;0.014307975769042969;0.014353399;false;0.094631443;0.111397689;0.094283954;./experiments_outputs/2022-03-08T00:53:43/jl_yJxEvq
../instances/gcut6;1;0;0;0;1;none;1;0;711;670;0;785;929;165;785;929;165;0;785;929;165;785;929;165;7.3108e-5;1734;5407;4388;0.001187201;0.007832050323486328;BUILT_MODEL;MathOptInterface.OPTIMAL;0.032247066497802734;237651.5;0.02;236305.0;236305.0;236305;0.001007080078125;0.03325796127319336;0.033305695;false;0.096414931;0.131816591;0.095677121;./experiments_outputs/2022-03-08T00:53:43/jl_yLkyYr
../instances/2s;1;0;0;0;1;none;0;0;0;0;0;159;6068;600;159;6068;600;0;159;6068;600;159;6068;600;0.00033715;6227;19291;17917;0.001680828;0.019062042236328125;BUILT_MODEL;MathOptInterface.OPTIMAL;0.18352413177490234;2793.03333;0.09;2778.0;2778.0;2778;0.003290891647338867;0.18681812286376953;0.186859988;false;0.097398731;0.286348843;0.095331561;./experiments_outputs/2022-03-08T00:53:43/jl_YMwJRq
../instances/CHL7;1;0;0;0;1;none;0;0;0;0;0;8103;138757;5884;8103;138757;5884;0;8103;138757;5884;8103;138757;5884;0.005219758;146860;446499;427398;0.052622295;0.47191309928894043;BUILT_MODEL;MathOptInterface.OPTIMAL;29.39059615135193;16896.8333;21.98;16881.0;16881.0;16881;0.06248903274536133;29.45308804512024;29.45319269;false;0.108189022;29.563682915;0.154656273;./experiments_outputs/2022-03-08T00:53:43/jl_Ys39mr
../instances/A4;1;0;0;0;1;none;1;0;19580;7945;0;1237;30898;1973;1237;30898;1973;0;1237;30898;1973;1237;30898;1973;0.001405556;32155;98478;106037;0.010676287;0.0944511890411377;BUILT_MODEL;MathOptInterface.OPTIMAL;3.3865771293640137;6250.22853;1.3;6179.0;6179.0;6179;0.014106988906860352;3.4006869792938232;3.400740339;false;0.103948176;3.507040906;0.105107414;./experiments_outputs/2022-03-08T00:53:43/jl_ytcewr
../instances/gcut3;1;0;0;0;1;none;0;0;0;0;0;4409;5064;621;4409;5064;621;0;4409;5064;621;4409;5064;621;0.000274471;9473;29070;23612;0.004584994;0.028059959411621094;BUILT_MODEL;MathOptInterface.OPTIMAL;0.11848187446594238;60241.0;0.09;60241.0;60241.0;60241;0.004247903823852539;0.1227409839630127;0.122796715;false;0.098505629;0.223410012;0.096027339;./experiments_outputs/2022-03-08T00:53:43/jl_ZBbTxs
../instances/gcut8;1;0;0;0;1;none;1;0;16252;12771;0;14846;17948;1351;14846;17948;1351;0;14846;17948;1351;14846;17948;1351;0.000751385;32844;99983;87083;0.020923552;0.10518813133239746;BUILT_MODEL;MathOptInterface.OPTIMAL;0.41843700408935547;245758.0;0.3;245758.0;245758.0;245758;0.013997077941894531;0.4324378967285156;0.432506422;false;0.103778718;0.538443494;0.108104051;./experiments_outputs/2022-03-08T00:53:43/jl_ZfwmGo
../instances/CW2;1;0;0;0;1;none;1;1;16372;12021;5600;8297;16683;1274;8297;16683;1274;0;8297;16683;1274;8297;16683;1274;0.000619615;25015;76389;71064;0.0110567;0.07377791404724121;BUILT_MODEL;MathOptInterface.OPTIMAL;0.9870738983154297;5594.0;0.39;5354.0;5354.0;5354;0.010676145553588867;0.9977529048919678;0.997920027;false;0.10235323;1.102655496;0.103394105;./experiments_outputs/2022-03-08T00:53:43/jl_zpe3Xr
../instances/wang20;1;0;0;0;1;none;1;0;1553;1152;0;383;1926;272;383;1926;272;0;383;1926;272;383;1926;272;0.000116872;2329;7299;6944;0.000903173;0.008463859558105469;BUILT_MODEL;MathOptInterface.OPTIMAL;0.037973880767822266;2721.0;0.03;2721.0;2721.0;2721;0.0013251304626464844;0.03930187225341797;0.039353385;false;0.096702496;0.138504846;0.095608562;./experiments_outputs/2022-03-08T00:53:43/jl_Zqlkbr
../instances/wang20;1;0;0;0;1;none;1;1;1699;1238;73;383;1999;272;383;1999;272;0;383;1999;272;383;1999;272;0.000113746;2402;7518;7227;0.000896638;0.008589982986450195;BUILT_MODEL;MathOptInterface.OPTIMAL;0.037901878356933594;2721.0;0.03;2721.0;2721.0;2721;0.0013251304626464844;0.0392301082611084;0.039406311;false;0.095021215;0.136797924;0.093866277;./experiments_outputs/2022-03-08T00:53:43/jl_zvEJYp
../instances/cgcut3;1;0;0;0;1;none;1;0;1553;1152;0;383;1926;272;383;1926;272;0;383;1926;272;383;1926;272;0.000119797;2329;7299;6944;0.000932318;0.008391857147216797;BUILT_MODEL;MathOptInterface.OPTIMAL;0.1396949291229248;1919.16667;0.03;1860.0;1860.0;1860;0.0016391277313232422;0.14133810997009277;0.141388013;false;0.09603446;0.239853263;0.094847158;./experiments_outputs/2022-03-08T00:53:43/jl_ZXd4ap
